machine_id,production_line,shift,operating_hours_per_day,temperature_c,vibration_mm_s,pressure_psi,current_a,humidity_pct,line_speed_units_min,days_since_maintenance,defect_rate_pct,energy_spike_flag,failure_next_7d
M-008,Line B,Swing,19.2,71.4,6.83,121.7,28.2,44.1,81.8,176,10.62,0,1
M-062,Line C,Swing,13.7,63.6,6.12,91.5,43.0,67.4,76.2,23,6.35,0,1
M-053,Line C,Day,8.0,67.1,3.53,120.1,28.1,60.7,94.5,162,7.73,0,1
M-036,Line B,Swing,10.7,83.1,5.75,94.3,40.5,28.3,83.0,47,15.01,0,1
M-035,Line C,Swing,20.3,73.6,5.87,94.6,31.4,64.2,90.5,176,4.19,0,1
M-069,Line C,Swing,14.8,63.9,5.18,103.7,33.8,64.2,92.0,178,8.43,0,0
M-007,Line C,Day,13.7,74.4,6.16,102.8,37.4,33.9,93.0,115,23.37,0,0
M-056,Line A,Day,20.9,70.8,5.03,90.4,30.4,20.0,98.5,35,23.22,1,0
M-017,Line B,Day,19.8,99.6,5.04,112.5,37.4,47.1,97.7,142,4.04,0,1
M-008,Line B,Day,16.1,74.3,4.95,112.8,21.7,61.5,92.6,19,12.02,0,0
M-043,Line B,Day,15.1,69.0,2.38,116.5,36.6,67.1,87.5,60,36.46,0,0
M-079,Line B,Day,15.6,83.4,4.7,101.7,19.2,37.6,91.9,115,21.5,0,1
M-059,Line C,Swing,16.7,57.3,4.0,105.6,32.6,69.0,86.2,13,13.01,1,0
M-061,Line C,Day,20.8,72.8,3.38,105.7,39.1,21.3,89.4,71,9.23,0,0
M-058,Line A,Night,17.3,89.5,6.52,122.9,37.7,43.6,111.9,143,9.25,1,1
M-063,Line B,Swing,18.2,71.1,5.41,77.7,26.2,43.0,92.5,17,1.18,0,0
M-042,Line B,Swing,19.5,58.1,4.76,96.4,27.0,61.8,94.6,66,3.07,0,0
M-011,Line A,Swing,12.5,68.8,4.12,106.1,29.9,63.6,85.4,1,13.5,0,0
M-068,Line A,Swing,18.3,83.6,5.16,95.1,35.1,59.5,99.2,118,6.55,0,1
M-037,Line A,Swing,15.1,75.0,5.99,103.4,21.8,31.8,97.1,15,6.44,1,0
M-041,Line C,Night,8.5,66.8,3.81,104.7,33.9,58.4,97.1,51,4.26,0,0
M-030,Line B,Swing,9.6,66.5,4.79,99.4,35.9,54.1,92.7,94,2.76,1,0
M-015,Line C,Swing,12.9,67.5,5.84,106.6,32.3,27.9,99.3,39,2.62,0,0
M-075,Line B,Swing,17.6,74.9,2.48,112.3,37.2,23.2,101.2,42,9.21,0,0
M-063,Line C,Swing,16.3,82.7,4.73,103.6,35.3,60.5,93.3,150,11.28,1,1
M-052,Line B,Day,16.6,80.4,4.28,101.5,30.8,45.8,90.1,140,1.91,0,1
M-033,Line C,Swing,21.9,75.6,4.64,104.3,22.4,32.6,98.2,15,6.79,0,0
M-066,Line A,Swing,12.2,61.3,4.2,105.9,34.8,45.5,83.8,154,8.59,0,1
M-044,Line B,Night,15.9,62.9,4.97,88.6,28.3,52.4,85.3,84,4.86,0,0
M-036,Line C,Swing,16.9,76.3,7.11,110.6,30.5,47.0,90.6,26,9.67,1,1
M-037,Line C,Swing,13.8,61.2,4.41,101.5,36.9,29.4,77.1,163,17.02,0,0
M-019,Line C,Night,16.1,71.7,5.15,118.6,42.5,70.6,97.6,61,11.57,0,1
M-008,Line A,Swing,11.2,74.4,7.19,111.9,33.8,60.1,83.3,59,7.44,0,0
M-045,Line B,Day,20.2,62.9,4.14,117.7,37.3,44.0,87.2,27,9.35,0,0
M-072,Line A,Day,14.0,63.8,6.98,95.9,25.3,44.5,89.3,159,20.37,1,1
M-006,Line A,Day,22.1,71.2,4.81,102.3,35.5,52.3,91.3,52,9.38,0,0
M-069,Line B,Day,15.9,76.0,6.94,93.6,33.6,34.4,88.3,107,9.21,0,1
M-067,Line B,Day,19.1,80.5,5.7,98.9,41.4,51.9,90.5,43,6.53,0,0
M-023,Line C,Swing,15.8,76.9,5.17,118.5,30.8,32.0,90.5,161,3.57,0,1
M-051,Line C,Swing,15.9,72.6,4.72,120.9,32.6,47.2,87.4,141,0.73,1,0
M-014,Line B,Day,14.2,66.0,4.05,94.5,40.4,34.0,84.8,91,7.03,0,0
M-061,Line C,Swing,16.4,63.4,4.89,101.4,33.4,34.6,99.7,62,6.88,0,1
M-057,Line A,Day,17.0,67.9,5.88,105.2,27.3,67.7,74.2,118,7.92,0,0
M-029,Line A,Night,13.6,76.8,4.78,111.9,49.3,48.7,89.4,89,1.83,1,1
M-006,Line B,Day,15.6,74.7,4.42,88.4,27.5,50.5,87.2,169,4.48,0,0
M-078,Line C,Swing,14.2,55.2,4.5,90.0,33.6,23.9,94.4,121,10.89,0,0
M-036,Line A,Day,22.9,65.7,5.99,110.9,36.1,40.8,79.4,5,8.09,1,0
M-072,Line B,Swing,15.7,81.6,6.27,86.5,35.6,53.5,87.0,148,12.33,1,1
M-055,Line B,Day,20.6,72.6,4.0,101.5,32.9,50.3,90.2,35,31.46,0,0
M-063,Line A,Swing,15.4,60.7,4.0,107.6,32.9,22.2,99.6,54,7.1,0,0
M-061,Line B,Day,16.8,90.8,5.26,110.2,32.6,50.5,93.7,79,6.25,0,1
M-016,Line C,Night,12.0,73.3,6.63,104.6,27.3,52.4,81.5,38,8.94,0,0
M-030,Line B,Swing,14.7,75.1,6.18,102.3,46.9,63.4,87.1,169,8.86,0,1
M-038,Line A,Swing,16.6,75.2,3.3,114.4,32.7,40.1,98.1,176,10.19,0,1
M-040,Line C,Night,20.8,70.6,4.48,108.9,37.6,21.1,81.4,28,7.0,0,0
M-004,Line A,Night,16.7,67.7,3.68,99.5,32.0,36.0,90.4,58,19.48,0,0
M-044,Line C,Day,20.2,89.0,4.48,106.4,31.9,34.8,90.9,67,7.96,0,1
M-013,Line A,Day,17.9,80.0,6.73,109.8,31.3,56.8,87.9,121,25.94,0,1
M-060,Line B,Day,20.9,78.6,3.09,123.2,24.7,20.0,112.6,108,7.5,0,0
M-055,Line B,Day,15.8,76.6,2.86,113.9,33.0,42.6,87.7,122,4.52,0,1
M-074,Line A,Swing,23.2,64.0,3.81,118.1,31.6,65.1,94.6,6,4.04,0,0
M-060,Line C,Night,14.5,83.7,5.14,99.9,41.0,48.1,84.9,93,10.61,0,1
M-030,Line A,Night,13.7,66.8,5.54,100.8,26.8,58.8,95.2,38,5.02,0,1
M-078,Line A,Swing,12.4,74.3,5.32,103.6,30.5,28.3,98.0,41,11.84,0,0
M-033,Line A,Swing,23.0,58.9,6.21,104.6,28.6,28.8,86.3,139,3.67,0,0
M-027,Line B,Night,18.5,57.2,2.68,95.9,42.7,65.2,90.6,26,2.4,0,0
M-073,Line C,Night,15.0,76.0,6.23,118.7,28.8,49.2,83.8,6,2.34,0,0
M-030,Line C,Day,19.7,65.5,4.43,114.8,37.4,49.2,81.8,88,15.92,1,1
M-007,Line A,Swing,18.1,56.1,5.68,102.9,39.8,34.6,99.3,132,2.51,0,0
M-038,Line B,Night,21.9,77.8,3.21,112.4,33.1,49.2,86.6,92,14.9,0,1
M-064,Line A,Day,11.4,89.0,4.81,108.2,25.7,34.2,71.7,29,8.84,0,0
M-016,Line B,Day,15.2,83.1,5.08,113.2,25.8,62.2,105.1,139,13.39,0,1
M-038,Line C,Night,14.6,71.4,6.19,92.6,39.2,80.7,84.6,69,18.87,0,0
M-011,Line B,Night,10.1,73.6,2.9,104.5,26.4,53.8,89.0,128,4.59,0,1
M-055,Line B,Night,19.2,80.6,4.84,105.4,36.4,40.4,104.1,37,10.39,0,0
M-039,Line B,Swing,15.2,81.0,3.5,112.2,34.7,20.0,89.9,164,10.58,0,1
M-027,Line C,Day,18.2,69.3,5.41,99.7,36.3,27.8,89.7,51,18.51,1,0
M-019,Line B,Day,23.1,72.3,5.73,81.0,36.8,66.7,81.2,174,1.07,0,0
M-046,Line A,Swing,14.9,74.4,6.34,95.2,28.4,35.6,77.9,68,3.78,0,1
M-054,Line B,Swing,14.7,76.4,4.16,105.4,28.1,43.5,89.7,131,4.47,0,1
M-076,Line A,Swing,16.4,70.9,5.91,106.6,38.3,55.9,93.9,90,8.51,0,1
M-035,Line A,Swing,19.0,71.0,6.43,122.8,30.2,65.8,93.4,14,22.36,0,1
M-013,Line A,Day,14.3,83.0,2.83,111.8,17.5,45.6,87.1,18,14.8,0,1
M-067,Line B,Swing,14.1,81.7,5.53,106.8,37.9,43.1,91.2,73,5.7,0,0
M-051,Line B,Day,19.2,75.8,5.95,105.7,27.8,48.9,76.3,35,11.07,1,1
M-057,Line A,Day,17.1,85.8,4.49,117.0,36.8,40.5,94.7,109,11.79,0,1
M-008,Line B,Day,9.9,68.9,3.35,100.1,42.4,41.1,92.3,25,9.09,0,0
M-025,Line C,Day,12.3,85.0,5.93,104.6,34.1,52.9,106.8,106,13.14,0,0
M-062,Line C,Night,20.5,77.8,3.36,95.1,40.0,50.2,91.1,37,6.99,1,1
M-067,Line B,Day,17.2,98.2,4.59,120.2,34.9,73.6,83.5,33,17.39,1,1
M-035,Line A,Day,13.7,62.5,4.75,109.9,43.5,53.3,90.6,66,2.69,0,0
M-065,Line C,Swing,15.5,66.5,5.66,98.9,27.6,61.8,88.4,105,7.6,0,1
M-068,Line A,Swing,16.0,75.4,4.05,104.9,34.0,35.1,94.5,72,18.82,0,1
M-031,Line A,Day,18.2,75.2,3.98,111.1,38.0,54.3,91.2,63,20.21,0,0
M-072,Line C,Day,11.9,87.6,4.92,103.5,32.9,39.3,80.9,61,12.66,1,1
M-024,Line B,Day,13.5,66.7,6.01,100.7,40.9,52.7,77.9,61,13.99,1,1
M-020,Line B,Swing,16.8,79.2,7.54,99.5,31.4,56.3,93.1,73,20.18,0,1
M-055,Line B,Day,15.7,81.3,2.99,109.4,46.4,48.6,102.1,150,21.15,1,1
M-051,Line B,Day,17.7,77.6,5.18,102.4,46.7,76.9,91.6,104,8.76,0,0
M-012,Line A,Day,12.3,64.3,3.5,101.5,35.7,65.1,97.5,76,5.05,0,0
M-067,Line A,Swing,17.1,83.3,6.02,92.6,37.3,62.1,99.1,135,5.84,0,1
M-016,Line A,Day,19.3,81.8,3.67,106.8,41.2,57.2,93.1,95,17.21,0,0
M-065,Line A,Night,17.5,78.3,3.99,104.2,26.9,69.2,84.5,170,2.92,1,0
M-001,Line C,Day,16.4,73.6,4.09,102.8,26.1,30.8,92.6,101,14.12,0,0
M-064,Line A,Swing,15.7,73.8,4.71,108.0,41.5,64.4,100.7,39,16.47,0,0
M-063,Line B,Day,13.5,71.4,5.19,113.5,35.6,36.1,95.2,101,5.73,0,1
M-063,Line C,Day,15.8,77.1,5.38,113.0,32.6,41.2,97.0,139,3.42,0,0
M-054,Line C,Day,19.8,72.2,4.79,111.5,34.1,54.7,87.3,39,13.71,0,1
M-038,Line B,Night,15.6,66.7,3.2,103.6,19.7,62.8,89.4,37,2.6,0,0
M-057,Line B,Night,13.3,65.1,5.67,100.3,32.9,34.2,90.1,108,10.2,0,0
M-023,Line C,Day,14.5,66.0,4.74,95.6,29.5,41.8,90.6,159,12.0,0,0
M-063,Line B,Day,16.6,73.8,6.19,100.1,39.5,49.2,100.3,60,8.84,0,0
M-045,Line C,Night,14.9,73.3,3.95,106.2,40.0,45.8,72.2,91,13.27,0,1
M-037,Line C,Swing,17.5,73.7,2.88,98.1,37.5,58.2,91.2,118,16.74,0,1
M-041,Line C,Day,17.6,76.0,4.76,107.0,36.4,89.2,90.4,119,4.31,0,1
M-046,Line A,Day,18.7,67.0,6.36,96.3,25.0,53.0,80.0,27,14.28,0,0
M-003,Line B,Swing,20.3,83.7,4.99,89.4,37.5,39.2,96.4,71,5.83,0,0
M-012,Line A,Swing,19.0,69.9,4.56,114.2,37.8,32.4,85.2,178,11.69,1,1
M-020,Line B,Swing,13.2,68.5,3.76,101.3,41.5,44.1,88.1,160,4.19,0,0
M-010,Line C,Night,13.3,77.4,6.91,97.6,46.7,36.7,105.8,139,8.64,0,1
M-036,Line B,Swing,15.8,57.3,3.56,95.1,23.8,53.6,99.1,5,6.07,1,0
M-054,Line B,Day,14.6,65.7,3.93,110.2,31.7,53.4,95.6,75,11.72,0,0
M-053,Line A,Swing,12.6,79.8,5.48,119.7,29.5,42.4,94.0,10,7.69,0,0
M-038,Line C,Day,14.7,58.1,2.57,102.0,35.0,71.8,89.7,54,8.84,0,0
M-069,Line A,Day,14.6,80.9,6.33,103.8,34.1,39.2,107.0,155,12.26,0,0
M-046,Line A,Day,14.0,84.1,5.55,116.7,32.6,46.6,97.4,70,19.0,0,1
M-007,Line A,Day,15.1,69.0,5.88,87.9,40.2,55.7,85.0,31,13.28,0,0
M-062,Line A,Swing,19.5,74.3,5.47,125.7,27.4,58.7,79.8,130,9.03,0,1
M-046,Line B,Day,16.6,81.0,4.61,130.4,27.8,63.3,95.5,136,7.58,0,1
M-051,Line B,Day,23.4,68.3,3.52,78.9,27.9,53.1,90.6,118,1.97,0,0
M-046,Line A,Swing,16.5,78.9,4.63,105.0,31.8,60.6,79.6,145,5.73,0,1
M-045,Line A,Swing,15.1,66.6,3.63,98.8,26.6,40.0,94.4,126,18.55,0,0
M-008,Line A,Swing,16.0,68.2,5.38,103.4,33.7,59.0,88.8,114,17.5,0,1
M-045,Line B,Night,16.8,67.1,5.77,101.8,33.0,58.9,95.2,160,12.76,0,1
M-064,Line A,Swing,17.3,74.7,6.57,114.1,29.3,66.2,94.5,59,2.92,0,1
M-025,Line B,Day,22.2,81.3,5.25,104.9,39.2,28.0,86.1,82,3.29,0,1
M-049,Line A,Swing,13.5,70.5,5.91,96.9,33.6,37.1,96.1,101,4.95,0,0
M-003,Line A,Swing,18.6,61.8,4.44,104.3,40.4,57.9,87.0,120,31.89,0,0
M-028,Line B,Day,16.6,63.3,4.23,111.1,32.8,20.0,87.5,86,2.2,0,0
M-035,Line B,Day,11.3,75.2,5.37,94.2,33.9,53.9,86.7,80,15.16,0,1
M-079,Line A,Day,18.3,86.8,4.34,89.5,30.6,60.7,100.0,30,7.82,1,0
M-018,Line A,Swing,19.8,75.1,5.12,125.9,34.0,41.1,88.8,115,7.49,1,1
M-023,Line C,Day,13.4,68.9,3.53,99.6,38.3,42.8,102.0,23,11.17,0,0
M-033,Line A,Day,16.0,78.1,3.74,104.6,31.5,35.1,105.3,85,2.86,0,1
M-080,Line B,Night,10.8,71.6,5.56,102.0,37.1,41.7,85.1,74,4.77,0,1
M-069,Line B,Night,12.2,70.5,5.86,111.5,29.1,42.1,67.6,140,10.41,0,1
M-003,Line A,Day,19.1,64.3,3.62,123.7,38.6,39.8,99.4,86,8.37,0,0
M-019,Line B,Night,14.6,84.8,5.6,111.8,30.5,39.1,88.3,1,15.24,0,0
M-066,Line C,Day,12.7,51.7,4.16,90.8,39.1,44.7,84.1,91,6.3,0,0
M-005,Line C,Night,16.7,79.9,4.82,92.2,34.4,44.6,86.3,39,25.97,0,0
M-069,Line A,Night,14.4,69.8,6.5,102.0,43.1,70.5,87.7,69,7.78,0,1
M-023,Line A,Day,14.6,68.7,5.77,103.3,27.1,43.3,101.4,54,10.93,0,0
M-074,Line A,Swing,18.2,85.5,5.76,88.8,25.1,52.1,92.3,30,3.52,0,1
M-024,Line B,Night,12.5,67.8,7.09,114.2,30.3,41.1,101.3,170,5.39,0,0
M-035,Line B,Night,13.3,68.1,3.96,95.1,25.7,40.9,95.0,46,15.26,0,0
M-053,Line A,Night,16.5,72.5,3.62,120.9,25.7,27.5,88.5,91,8.39,0,0
M-011,Line A,Swing,18.9,75.3,3.93,124.2,37.7,29.1,87.9,149,9.83,0,1
M-045,Line C,Day,19.7,68.5,4.49,103.5,34.0,33.5,95.5,66,27.72,0,0
M-041,Line A,Night,14.0,60.9,1.97,110.4,31.1,50.2,97.6,168,8.94,0,0
M-063,Line B,Swing,18.8,65.1,4.55,93.7,31.7,60.9,99.0,73,6.51,0,0
M-080,Line B,Swing,13.6,82.3,4.15,112.2,30.4,26.6,88.9,170,20.55,0,1
M-054,Line A,Day,21.5,72.6,5.74,101.0,43.9,41.4,92.4,81,10.72,0,1
M-033,Line A,Swing,12.6,75.6,5.22,95.1,29.6,31.6,95.7,3,14.45,0,0
M-033,Line A,Day,20.0,69.9,4.08,103.1,26.1,44.8,87.9,156,6.81,0,0
M-034,Line C,Swing,14.0,66.7,5.51,101.3,38.8,60.9,81.9,155,6.44,0,1
M-066,Line A,Day,22.0,85.4,5.67,102.7,32.7,42.6,84.5,173,2.74,1,1
M-026,Line A,Swing,17.8,70.5,3.88,115.5,46.2,47.4,89.1,23,5.83,0,1
M-014,Line A,Night,13.0,70.0,4.21,98.1,30.8,65.5,96.3,152,13.09,0,1
M-027,Line A,Swing,14.4,80.8,2.13,123.4,39.1,53.5,101.1,62,20.55,0,1
M-002,Line B,Swing,18.3,66.2,3.49,92.7,40.5,38.9,80.2,151,18.26,0,0
M-009,Line A,Day,19.2,67.2,3.91,122.2,30.9,49.9,86.2,173,0.67,1,1
M-008,Line B,Night,15.8,73.6,4.89,95.8,29.5,38.1,88.1,36,2.42,1,0
M-062,Line B,Swing,16.1,72.0,3.67,106.0,38.4,53.0,97.4,67,1.91,0,0
M-058,Line C,Day,18.3,74.1,4.18,101.1,37.4,54.2,86.8,49,13.16,1,1
M-056,Line A,Day,16.4,88.7,3.33,102.6,25.5,31.6,87.6,55,11.34,0,0
M-037,Line C,Day,12.1,74.7,5.01,114.0,27.2,50.1,79.7,107,8.22,0,1
M-058,Line B,Swing,13.6,53.0,5.31,121.0,18.8,46.6,94.9,74,5.37,0,0
M-013,Line A,Night,16.7,76.1,5.28,117.9,37.6,54.5,89.7,118,6.88,0,1
M-073,Line C,Swing,19.6,72.3,4.81,102.0,32.4,58.0,85.8,121,6.95,0,0
M-041,Line C,Day,20.8,72.3,2.95,107.8,33.0,53.7,88.9,37,3.22,0,0
M-076,Line A,Night,18.3,75.5,4.06,98.2,23.9,44.4,100.0,8,27.95,0,0
M-013,Line C,Day,16.9,71.8,4.31,96.1,27.4,59.2,83.0,134,8.03,1,1
M-040,Line B,Night,18.2,73.1,4.32,94.5,31.1,37.5,84.3,33,3.62,0,0
M-056,Line B,Day,14.0,76.9,4.89,101.6,30.0,32.2,101.0,36,6.65,0,0
M-040,Line C,Swing,15.5,67.7,6.51,108.5,34.7,20.0,91.6,108,12.12,1,1
M-036,Line B,Night,13.5,65.9,5.77,86.9,37.5,47.2,96.4,48,13.15,0,0
M-014,Line C,Day,12.3,96.2,3.61,105.5,47.6,38.1,94.2,34,4.01,0,0
M-031,Line A,Swing,17.0,66.3,5.61,121.2,33.9,52.8,90.7,55,7.02,0,1
M-020,Line C,Night,16.6,74.3,5.57,117.2,40.7,24.3,88.2,94,20.74,0,0
M-025,Line B,Day,18.1,60.0,3.83,100.1,29.0,40.2,97.7,152,9.16,0,1
M-055,Line A,Day,17.6,72.9,5.82,92.0,24.0,53.6,100.3,177,11.8,0,1
M-051,Line B,Swing,16.7,64.5,4.61,110.6,31.9,35.6,99.7,132,5.99,0,0
M-049,Line A,Day,17.7,68.5,3.11,82.8,24.4,52.9,81.5,161,2.38,0,1
M-029,Line A,Day,15.9,80.4,5.35,117.1,34.1,41.3,101.4,95,8.72,1,1
M-077,Line A,Swing,17.2,75.8,5.06,103.9,29.3,47.6,88.1,74,11.39,1,1
M-008,Line A,Swing,13.8,76.5,4.53,124.3,22.3,55.1,85.0,147,10.97,0,1
M-028,Line A,Day,17.1,57.8,4.76,88.7,44.4,59.4,89.6,55,6.52,1,0
M-010,Line A,Day,18.0,86.7,3.94,115.2,30.8,49.1,97.6,146,1.0,1,1
M-028,Line B,Night,14.0,64.0,5.53,105.0,24.2,38.2,95.3,179,9.75,1,1
M-077,Line B,Swing,16.2,84.2,4.75,102.7,39.4,42.5,89.0,70,16.27,0,1
M-030,Line B,Night,14.1,81.7,5.0,92.3,29.6,55.6,97.7,114,2.99,0,0
M-073,Line A,Day,14.4,76.6,5.23,112.0,40.5,35.7,92.1,140,8.59,0,1
M-040,Line C,Night,12.6,66.7,3.41,112.8,29.6,45.9,86.4,141,23.32,1,1
M-056,Line B,Swing,19.8,73.2,3.73,123.9,30.8,43.4,85.3,37,21.87,0,0
M-037,Line A,Day,19.2,68.2,2.15,116.1,36.1,46.8,94.3,173,24.43,1,0
M-022,Line A,Night,17.6,73.7,5.48,100.1,37.6,35.9,90.3,91,9.86,0,1
M-062,Line B,Swing,21.9,70.0,3.35,96.0,38.6,25.8,80.0,8,11.39,0,0
M-078,Line A,Day,15.4,55.7,4.96,92.3,33.5,54.2,97.8,22,29.92,0,0
M-022,Line B,Day,24.0,81.0,5.25,120.7,37.2,59.6,87.2,131,20.52,1,0
M-063,Line C,Swing,15.3,71.4,5.52,98.2,38.5,26.5,103.7,77,8.54,0,0
M-021,Line A,Day,16.8,68.1,3.36,120.8,35.2,52.4,79.8,20,5.74,0,0
M-058,Line A,Day,14.8,67.5,4.72,111.3,33.1,61.0,89.6,94,2.92,1,0
M-064,Line C,Day,17.1,74.9,6.8,109.3,25.3,55.2,85.4,108,12.94,0,0
M-036,Line B,Day,18.5,64.8,6.86,102.9,37.6,43.0,83.2,15,7.45,0,0
M-059,Line A,Day,15.7,54.0,5.98,112.6,34.3,36.7,87.1,63,10.99,0,0
M-022,Line C,Swing,21.3,75.3,5.2,105.8,31.5,49.0,105.2,83,18.99,0,1
M-007,Line C,Day,16.7,76.2,3.59,102.3,41.7,51.0,92.1,140,4.67,0,1
M-008,Line B,Day,16.8,70.4,5.66,113.0,25.4,49.1,84.7,117,9.31,0,0
M-036,Line B,Swing,13.3,62.8,4.61,104.6,43.9,45.8,76.4,16,1.34,0,0
M-073,Line A,Day,17.3,72.7,5.47,98.0,33.9,35.0,77.2,110,10.62,0,1
M-011,Line A,Swing,15.6,60.3,4.04,112.0,35.9,53.1,86.7,162,10.73,0,0
M-037,Line B,Day,14.2,63.8,4.59,105.4,31.6,53.7,85.9,10,8.96,0,0
M-057,Line A,Day,13.7,66.0,5.0,110.9,24.0,50.4,89.2,177,22.69,0,1
M-017,Line B,Day,24.0,78.8,5.1,101.5,33.2,49.3,72.8,18,5.09,0,0
M-058,Line C,Swing,15.2,69.1,5.39,93.9,36.0,68.2,90.3,112,15.5,0,0
M-025,Line A,Day,11.6,68.4,4.1,123.4,38.1,40.5,99.2,63,5.05,1,1
M-065,Line B,Night,13.9,89.1,3.19,121.5,32.8,63.4,104.0,131,11.55,0,1
M-047,Line A,Day,15.8,74.8,6.75,114.8,20.8,39.2,75.8,151,1.63,0,1
M-044,Line C,Swing,17.6,74.7,7.79,102.1,24.8,61.3,84.6,153,15.65,0,1
M-015,Line A,Swing,17.7,69.0,5.34,103.0,46.3,62.8,84.2,156,30.65,0,1
M-038,Line B,Day,18.0,67.2,3.21,119.8,27.4,44.5,92.2,147,5.54,0,0
M-069,Line B,Swing,14.1,54.5,3.87,102.5,42.6,67.9,81.2,56,6.47,0,1
M-002,Line B,Day,17.0,79.7,5.41,99.7,28.4,53.6,104.5,84,2.97,0,1
M-061,Line B,Day,13.4,75.6,6.41,124.7,32.9,37.5,91.3,129,15.26,0,1
M-040,Line B,Day,14.1,70.6,3.34,105.5,37.8,43.5,90.0,31,11.44,0,1
M-058,Line B,Swing,13.2,70.9,4.65,123.7,29.1,61.6,103.7,104,8.61,0,1
M-054,Line C,Night,12.4,79.4,5.04,92.0,43.6,59.1,90.9,95,15.55,0,0
M-035,Line C,Day,19.2,59.6,5.84,111.2,34.5,35.3,94.2,177,7.86,0,1
M-025,Line B,Swing,18.1,67.3,4.39,126.7,36.8,46.3,85.0,9,17.64,0,1
M-051,Line B,Swing,18.9,62.9,2.92,106.3,32.4,50.4,80.0,17,8.31,0,0
M-012,Line A,Day,16.1,86.2,5.55,103.4,38.0,41.9,86.1,6,25.73,0,1
M-047,Line C,Swing,18.3,79.0,6.15,94.3,43.5,76.3,108.5,99,3.01,0,1
M-008,Line B,Swing,10.7,54.4,4.7,116.8,33.2,50.8,96.1,99,8.6,0,0
M-052,Line B,Night,18.6,61.4,5.29,98.3,44.4,47.3,93.2,107,13.39,0,0
M-051,Line A,Night,16.5,72.4,4.23,105.1,30.3,62.3,83.2,44,18.96,1,1
M-007,Line C,Day,17.9,68.2,3.79,93.7,38.6,43.6,98.3,56,6.11,0,0
M-061,Line B,Day,17.1,61.4,6.03,121.6,36.9,60.1,80.1,75,11.8,0,1
M-034,Line B,Swing,13.0,87.6,5.26,117.5,27.6,28.0,78.5,9,5.77,0,1
M-063,Line A,Day,11.5,74.5,5.39,105.7,35.3,42.6,86.5,135,18.55,1,1
M-004,Line C,Day,13.9,75.8,6.6,94.5,34.0,60.6,106.6,10,6.24,1,0
M-015,Line A,Night,17.7,68.0,3.53,121.4,28.9,66.8,106.2,120,11.88,0,0
M-040,Line A,Day,18.1,77.8,4.14,102.3,36.1,38.7,87.4,82,6.7,0,1
M-016,Line C,Swing,11.9,69.0,4.99,94.9,34.9,37.3,85.6,179,6.49,0,0
M-027,Line C,Night,13.1,71.2,4.12,88.4,33.6,54.8,77.9,124,9.65,0,1
M-053,Line A,Day,13.8,76.9,5.74,99.5,33.6,40.5,91.6,86,22.6,0,1
M-012,Line B,Swing,14.9,59.0,4.58,91.5,33.5,44.8,92.3,126,13.42,1,0
M-055,Line B,Night,11.9,86.3,3.61,99.8,31.8,58.5,97.3,21,10.45,0,1
M-009,Line C,Swing,11.7,73.5,4.88,113.4,34.8,41.5,98.3,33,9.15,0,0
M-015,Line B,Day,13.5,82.2,5.0,102.2,30.1,24.4,89.4,90,3.97,0,1
M-048,Line B,Day,16.3,63.4,5.92,109.6,49.9,32.4,95.4,154,2.41,0,1
M-064,Line B,Night,12.5,66.1,5.27,98.8,25.5,48.1,85.4,147,5.58,0,1
M-014,Line B,Day,15.7,62.7,5.35,106.7,30.5,25.6,95.3,68,17.42,0,0
M-024,Line C,Swing,19.2,74.0,5.18,125.2,31.0,44.4,86.9,51,4.74,0,1
M-075,Line B,Day,12.1,72.5,4.57,102.5,46.2,31.3,94.7,173,8.38,0,0
M-080,Line A,Day,15.4,68.3,3.94,109.8,26.1,67.7,94.0,102,11.6,0,0
M-047,Line C,Night,19.1,65.4,5.15,90.3,36.6,74.0,91.6,22,11.94,1,1
M-036,Line C,Swing,14.7,61.9,4.4,121.2,35.5,35.3,97.4,41,13.43,0,0
M-028,Line C,Night,14.3,73.1,6.83,101.2,36.0,51.1,78.4,150,7.2,0,1
M-049,Line A,Day,19.5,68.3,6.41,116.5,41.4,36.5,82.5,161,9.72,0,1
M-048,Line A,Swing,15.1,66.5,5.56,104.8,41.3,44.3,88.8,163,6.06,1,1
M-024,Line B,Night,19.3,85.9,5.25,112.1,31.3,69.6,79.5,2,8.36,0,1
M-002,Line A,Day,17.3,71.3,4.69,112.7,35.2,42.4,87.7,148,5.59,1,0
M-013,Line C,Day,15.0,82.2,3.29,101.5,22.8,44.6,88.0,21,11.88,0,0
M-077,Line B,Night,17.4,69.2,4.54,116.9,34.6,36.7,101.5,145,13.01,0,1
M-034,Line B,Day,17.0,74.0,4.92,98.4,29.2,61.8,92.1,158,13.0,0,1
M-039,Line C,Swing,19.1,71.6,5.08,113.8,32.9,20.0,99.2,65,3.52,0,0
M-038,Line B,Night,14.4,59.9,5.36,102.1,23.9,42.7,93.4,35,8.71,0,0
M-063,Line A,Day,16.1,83.4,5.91,109.5,36.4,47.4,86.7,128,5.28,0,1
M-006,Line B,Day,15.8,70.9,3.97,101.4,23.8,40.1,92.1,13,5.1,1,0
M-007,Line B,Day,18.1,78.0,3.98,106.5,34.9,58.4,96.8,104,4.14,0,1
M-023,Line B,Day,12.9,66.0,6.54,95.3,26.6,62.4,100.5,60,12.84,0,0
M-039,Line B,Day,19.1,70.7,5.73,108.5,28.9,31.1,89.9,76,15.26,0,0
M-054,Line C,Swing,17.4,65.1,4.33,106.4,40.9,73.1,77.8,148,4.9,0,0
M-040,Line B,Day,12.0,81.9,4.67,100.6,37.5,30.9,77.3,178,5.49,0,1
M-036,Line A,Swing,19.6,74.5,4.68,105.4,40.9,63.5,88.4,72,20.49,1,1
M-076,Line B,Day,22.7,74.9,4.84,107.3,43.4,49.8,72.3,52,2.25,0,0
M-013,Line B,Day,19.0,82.9,5.37,99.8,29.4,42.0,105.4,150,5.18,0,1
M-046,Line A,Day,20.3,81.3,7.84,104.7,43.0,43.1,95.8,74,8.93,0,1
M-044,Line A,Swing,16.3,78.1,5.03,95.9,25.2,47.6,85.9,36,8.87,0,0
M-038,Line B,Swing,11.0,60.6,5.6,129.5,38.5,50.5,82.1,162,29.04,0,1
M-065,Line A,Day,10.5,66.4,2.78,116.6,31.0,37.0,99.2,178,6.89,0,1
M-022,Line C,Night,16.8,65.5,4.22,108.7,28.4,45.2,82.1,52,6.93,0,1
M-077,Line A,Swing,14.2,77.8,6.27,117.7,37.7,38.8,82.9,29,12.65,0,0
M-027,Line A,Day,13.3,73.4,5.28,86.2,39.7,33.4,84.9,28,10.3,0,0
M-044,Line C,Night,15.8,62.4,-0.47,80.4,39.5,38.2,91.9,108,1.54,0,0
M-042,Line C,Day,17.8,70.5,5.61,102.0,35.3,34.2,96.0,56,6.66,0,0
M-068,Line A,Day,11.6,60.0,7.1,92.2,34.8,43.0,100.5,112,9.82,0,0
M-036,Line A,Swing,14.7,71.6,2.4,103.6,37.2,53.2,99.4,136,20.64,1,0
M-023,Line A,Day,20.5,58.8,6.62,108.1,35.8,49.4,91.0,2,5.32,0,0
M-002,Line B,Day,12.8,76.2,1.47,115.2,37.2,71.7,99.2,154,6.52,0,1
M-030,Line B,Swing,18.6,75.0,5.93,94.6,35.2,21.5,85.6,6,14.76,1,1
M-067,Line A,Day,14.5,87.3,4.79,110.0,39.1,53.6,76.4,21,3.11,0,1
M-001,Line A,Night,17.6,80.3,1.98,106.1,24.2,48.1,85.6,130,10.04,0,1
M-072,Line B,Night,19.3,70.1,5.34,109.5,33.2,57.8,84.5,112,3.81,0,1
M-044,Line C,Swing,18.2,78.5,6.18,100.8,25.7,56.6,85.9,176,13.8,0,1
M-012,Line B,Swing,18.7,60.8,5.24,119.8,35.7,46.0,83.3,102,3.45,0,1
M-025,Line B,Swing,12.5,64.3,5.5,105.0,43.9,50.1,87.3,75,10.77,0,1
M-045,Line A,Night,19.3,76.2,4.31,123.7,31.2,39.1,96.0,120,2.21,0,1
M-026,Line A,Day,13.4,54.7,2.57,98.1,34.8,55.4,104.7,137,2.39,0,0
M-009,Line A,Day,16.8,71.7,5.63,113.4,38.5,25.5,77.2,121,18.96,0,1
M-054,Line C,Swing,16.8,63.8,6.9,105.4,21.6,57.3,80.7,67,3.86,0,0
M-054,Line C,Swing,17.5,72.8,6.16,102.7,30.9,47.7,84.7,172,8.89,0,1
M-010,Line C,Day,17.0,63.4,2.41,112.3,36.2,42.2,97.1,54,11.45,0,1
M-023,Line C,Swing,13.5,75.4,2.98,103.0,16.6,45.2,89.4,63,10.69,1,1
M-020,Line C,Day,12.0,72.2,3.78,79.4,28.1,46.1,85.2,50,7.2,1,0
M-053,Line C,Night,18.6,84.7,2.89,75.4,40.6,63.6,96.7,54,7.27,0,1
M-059,Line A,Day,16.6,72.1,4.85,118.7,40.0,86.8,98.7,39,18.57,0,1
M-059,Line A,Day,19.4,65.9,5.27,118.3,36.2,62.6,90.8,105,24.01,0,0
M-076,Line A,Day,15.9,70.0,3.08,124.9,39.3,41.2,84.5,131,8.17,0,1
M-062,Line B,Day,11.8,61.2,5.73,105.8,35.3,55.6,93.2,77,4.9,0,0
M-026,Line A,Day,18.9,75.2,5.52,93.1,37.3,56.1,89.1,166,10.01,0,0
M-009,Line C,Day,14.9,76.7,4.14,101.8,32.1,36.9,89.1,85,2.79,0,1
M-050,Line B,Day,17.0,91.8,4.59,106.1,34.7,32.9,86.9,84,7.4,0,0
M-074,Line B,Day,14.1,67.0,2.46,95.9,30.2,47.2,98.4,13,17.6,0,0
M-079,Line A,Day,20.9,69.9,4.4,122.5,41.6,57.7,93.0,162,6.64,0,0
M-019,Line A,Day,13.4,67.4,4.81,128.4,43.1,28.7,99.3,27,24.82,0,0
M-019,Line A,Day,15.0,73.7,5.0,110.8,42.3,39.3,101.7,30,11.29,0,0
M-003,Line C,Day,16.3,75.1,5.25,105.9,31.6,54.9,94.7,168,17.12,0,1
M-012,Line B,Day,12.7,71.6,5.09,93.1,28.3,48.5,86.9,93,11.35,1,1
M-045,Line B,Day,17.0,80.7,4.48,121.5,41.7,65.0,99.3,13,10.64,0,1
M-044,Line A,Day,20.8,67.1,5.14,106.8,37.3,31.1,94.7,80,1.85,0,0
M-030,Line B,Swing,14.5,79.9,6.0,103.1,36.0,76.2,111.8,106,8.31,0,1
M-025,Line B,Night,17.2,77.8,4.69,110.8,30.2,29.5,93.5,2,11.59,0,0
M-067,Line C,Night,8.0,73.4,5.18,100.1,36.6,23.7,96.6,136,22.09,0,0
M-037,Line C,Swing,15.9,69.5,4.58,107.5,27.5,47.3,93.3,120,5.42,0,0
M-065,Line A,Swing,15.1,91.4,4.02,91.6,37.8,34.4,90.2,3,10.36,0,1
M-078,Line C,Day,13.5,65.5,5.43,116.9,42.3,47.5,88.9,111,17.34,0,1
M-026,Line A,Swing,19.2,74.4,4.13,105.0,43.8,47.1,93.4,40,9.35,0,1
M-017,Line C,Swing,15.0,66.0,5.26,117.6,38.3,45.7,95.2,132,23.0,0,1
M-077,Line A,Night,15.5,87.8,4.83,104.0,25.7,37.9,100.2,68,5.91,0,1
M-051,Line A,Night,14.9,80.6,4.44,104.6,35.2,53.2,93.5,37,2.26,0,1
M-024,Line C,Day,10.2,66.6,4.41,93.9,46.8,44.2,87.3,91,9.96,1,0
M-050,Line A,Swing,12.6,76.1,4.19,113.6,28.8,61.2,88.4,80,5.53,0,0
M-042,Line B,Night,18.9,75.6,2.83,97.2,33.6,45.8,80.4,62,4.56,0,0
M-073,Line B,Day,9.7,67.9,5.26,101.1,42.5,36.4,104.3,158,7.4,1,1
M-021,Line A,Night,13.7,79.6,5.08,106.0,37.7,27.7,86.7,117,7.93,0,1
M-080,Line B,Day,14.8,75.1,5.82,107.2,48.9,45.9,98.7,88,17.6,0,1
M-075,Line C,Night,21.2,75.2,4.16,88.9,29.6,32.8,93.2,41,4.42,0,1
M-015,Line C,Swing,18.3,71.7,7.07,103.7,28.1,31.8,93.4,102,4.41,0,0
M-014,Line A,Day,14.3,75.4,4.34,114.0,41.3,54.3,90.1,5,24.57,0,0
M-043,Line B,Swing,19.9,73.8,3.75,102.2,26.8,26.7,84.7,159,3.03,0,0
M-004,Line A,Day,13.8,72.5,3.61,103.8,32.8,64.9,83.3,1,12.88,1,0
M-024,Line A,Swing,19.0,66.9,2.72,107.6,33.6,49.9,104.8,126,2.97,0,0
M-035,Line A,Swing,11.9,85.6,6.64,104.7,40.2,47.5,91.9,62,12.93,0,1
M-078,Line C,Swing,19.2,63.6,6.45,95.7,37.7,35.6,100.0,129,6.51,0,0
M-080,Line C,Night,14.8,76.9,5.52,105.6,36.7,57.2,102.1,65,6.85,0,1
M-013,Line C,Day,12.9,69.4,3.72,115.9,31.6,48.0,87.7,5,6.6,0,0
M-072,Line B,Day,15.3,86.1,6.97,95.5,41.3,39.8,94.4,170,10.92,0,1
M-008,Line B,Day,16.8,64.8,4.38,102.3,58.2,50.4,91.4,138,2.63,0,1
M-060,Line B,Day,14.5,66.1,4.48,92.2,38.1,27.8,81.7,9,5.44,1,0
M-068,Line B,Day,17.7,64.2,6.52,115.4,34.6,28.4,89.5,6,2.16,0,0
M-072,Line B,Day,14.3,74.6,5.59,105.1,26.2,34.6,95.7,95,3.68,0,0
M-018,Line A,Day,17.9,61.0,7.44,97.5,30.2,52.2,87.0,172,4.52,0,0
M-072,Line A,Day,17.3,68.2,5.1,106.9,32.7,48.0,88.4,104,6.94,0,1
M-010,Line C,Night,15.8,56.3,4.32,94.0,30.8,60.6,89.6,2,26.14,0,0
M-042,Line B,Day,14.7,73.9,4.07,95.7,33.9,37.0,107.9,126,3.03,0,0
M-038,Line C,Night,16.5,69.5,2.58,91.4,44.7,54.9,76.3,77,22.5,0,0
M-026,Line A,Day,17.7,60.1,4.47,95.3,41.5,46.6,95.0,115,11.85,0,0
M-002,Line B,Day,22.2,80.7,6.17,119.6,33.0,36.7,89.0,63,16.25,0,0
M-062,Line A,Swing,18.8,61.5,5.52,98.7,26.8,52.6,85.9,2,9.1,0,0
M-027,Line A,Day,18.9,78.4,4.82,110.7,42.0,47.2,88.8,4,19.37,0,0
M-053,Line A,Day,24.0,66.4,3.61,97.6,33.7,40.5,96.3,114,15.8,0,0
M-033,Line A,Swing,17.5,84.8,5.07,113.6,23.6,48.5,96.8,114,6.5,0,0
M-030,Line C,Day,17.5,78.0,6.02,95.7,38.3,46.4,92.5,58,1.19,1,0
M-071,Line A,Day,18.1,63.9,5.32,106.4,40.2,46.2,99.7,15,1.35,0,0
M-008,Line B,Swing,13.0,64.7,5.0,106.5,19.4,43.0,101.2,139,8.26,0,0
M-059,Line B,Day,14.7,76.8,3.84,129.3,29.1,32.3,97.5,28,6.77,0,1
M-060,Line B,Night,14.5,71.4,5.84,112.3,33.3,48.9,86.6,34,10.2,0,0
M-031,Line B,Day,17.9,70.6,1.04,100.1,38.4,38.4,95.0,81,28.92,0,0
M-021,Line A,Night,15.5,83.7,5.26,112.9,30.9,35.8,95.0,129,15.3,0,0
M-001,Line C,Swing,16.4,66.0,7.88,127.4,29.0,45.1,84.5,179,4.34,0,1
M-075,Line C,Night,19.3,74.2,2.99,89.7,38.4,56.8,78.4,112,5.0,0,0
M-076,Line B,Night,18.6,81.1,4.51,97.6,31.2,50.2,74.8,172,9.58,0,1
M-020,Line B,Day,15.5,78.5,4.79,103.6,37.3,41.6,91.6,117,20.0,0,1
M-003,Line A,Swing,14.0,70.7,4.24,101.8,27.3,41.1,93.4,152,9.4,0,1
M-010,Line C,Day,19.4,69.7,6.04,102.7,25.9,55.6,81.5,32,21.56,1,1
M-006,Line A,Night,18.3,59.6,5.37,93.0,38.5,20.0,99.4,11,2.48,0,0
M-067,Line A,Swing,11.2,63.6,4.98,120.0,35.5,57.6,92.2,120,6.77,0,1
M-072,Line A,Day,15.1,74.5,5.76,91.8,39.5,25.5,101.8,175,21.04,0,0
M-013,Line C,Night,16.5,72.4,4.82,104.0,30.8,31.0,94.0,132,5.72,0,0
M-060,Line B,Day,18.3,72.6,8.62,116.5,29.2,41.8,82.5,62,9.93,1,0
M-015,Line C,Swing,18.7,80.3,4.98,105.7,42.2,74.0,94.7,88,19.35,0,1
M-030,Line C,Swing,16.9,62.5,5.03,96.2,24.9,68.1,96.4,21,4.58,0,0
M-048,Line A,Day,17.8,70.1,2.75,92.5,41.5,56.5,86.6,61,8.2,0,1
M-058,Line C,Swing,16.2,73.5,4.15,103.7,41.9,52.3,79.5,123,3.8,0,1
M-070,Line B,Night,14.0,67.9,6.18,98.4,39.2,25.7,91.8,30,9.77,0,0
M-004,Line B,Day,15.2,83.5,3.2,108.1,29.9,49.9,83.0,87,5.97,0,0
M-016,Line A,Swing,16.1,79.3,2.21,92.0,29.1,41.4,100.0,52,15.09,0,0
M-023,Line C,Day,15.9,74.3,4.84,114.1,32.7,38.2,87.7,88,10.22,0,1
M-025,Line A,Swing,10.3,86.4,6.44,107.2,26.2,49.9,104.8,137,6.53,0,1
M-080,Line A,Day,14.8,60.0,4.85,107.9,28.2,42.3,74.0,159,6.16,0,1
M-063,Line B,Night,16.2,73.4,4.4,120.4,37.9,58.4,92.1,74,2.56,0,0
M-026,Line A,Night,15.2,76.4,2.57,101.6,37.9,24.8,102.4,149,15.14,0,0
M-078,Line A,Day,15.3,64.7,5.34,98.7,27.7,48.9,83.9,126,9.37,0,0
M-040,Line B,Day,17.5,74.4,5.59,100.5,38.1,37.5,89.7,166,7.26,0,1
M-041,Line B,Swing,12.8,63.1,2.66,104.1,36.7,43.1,87.8,133,10.95,0,1
M-035,Line C,Swing,11.1,77.5,6.16,105.1,43.1,51.7,85.5,99,4.89,0,0
M-012,Line A,Day,15.0,80.5,5.72,97.7,37.4,34.6,93.0,121,8.22,0,1
M-075,Line B,Day,18.3,74.2,6.16,85.8,40.4,50.0,80.6,57,13.78,0,0
M-002,Line B,Day,21.1,57.2,5.5,100.4,36.9,45.5,90.1,121,9.7,0,0
M-014,Line B,Night,18.3,65.8,5.58,109.6,39.9,40.1,95.1,127,6.03,0,0
M-019,Line B,Swing,11.6,76.5,5.42,107.4,26.3,42.4,89.3,110,10.2,0,0
M-023,Line B,Night,15.3,73.7,5.84,118.0,33.3,46.1,83.0,19,13.84,0,1
M-011,Line C,Swing,16.8,50.4,2.62,125.6,33.8,38.8,99.2,93,5.08,1,0
M-002,Line A,Night,16.5,83.4,3.0,113.6,32.5,48.1,96.8,128,7.38,0,1
M-055,Line A,Day,17.6,73.1,3.92,119.8,36.7,44.7,82.7,36,9.2,1,0
M-078,Line B,Day,13.2,65.4,4.64,113.7,37.8,40.7,80.6,141,1.36,1,1
M-010,Line C,Night,16.2,81.5,5.27,123.1,36.4,67.1,83.4,151,6.37,0,1
M-024,Line A,Night,17.3,68.1,5.19,124.5,32.9,53.0,95.4,97,16.18,0,0
M-041,Line B,Day,18.5,66.5,6.14,115.5,29.6,43.4,93.2,173,1.41,0,0
M-075,Line C,Day,13.6,74.9,6.18,113.1,40.6,49.8,97.3,154,4.55,0,1
M-056,Line B,Swing,15.0,86.2,3.75,103.9,36.1,35.7,88.4,84,4.85,0,0
M-062,Line C,Day,8.0,85.0,5.09,105.6,27.9,42.8,83.6,159,4.88,0,1
M-047,Line B,Day,14.1,74.9,3.78,102.6,32.8,44.2,98.4,168,4.12,0,1
M-034,Line B,Night,14.4,77.2,4.57,112.2,23.5,33.0,86.6,20,6.61,0,1
M-016,Line A,Day,12.9,78.3,5.19,98.8,34.2,52.6,92.5,179,21.14,0,1
M-070,Line C,Swing,16.5,61.9,0.71,104.1,32.8,41.9,78.6,1,2.41,0,0
M-065,Line B,Day,15.8,77.2,7.69,82.4,30.6,43.7,86.4,88,2.97,0,0
M-003,Line B,Day,9.2,66.1,5.48,123.2,43.5,41.2,99.1,168,5.12,0,1
M-058,Line B,Swing,16.6,74.5,4.09,103.8,27.1,83.5,85.3,130,20.88,1,1
M-007,Line B,Day,13.2,70.2,7.11,110.6,38.2,40.0,97.5,48,10.02,0,1
M-060,Line B,Swing,17.5,76.0,4.38,120.6,47.1,23.2,72.4,116,9.63,0,1
M-067,Line B,Day,12.2,72.9,4.96,109.0,40.5,28.8,86.5,39,16.42,0,1
M-011,Line C,Night,16.1,48.9,4.22,120.4,33.8,57.1,89.6,43,5.22,0,1
M-035,Line B,Swing,15.2,73.4,6.78,93.6,27.2,64.0,104.9,164,6.82,0,0
M-010,Line B,Night,16.9,78.6,4.67,130.0,25.8,39.8,81.6,9,1.54,0,0
M-046,Line A,Day,16.4,75.6,4.98,116.9,31.5,63.3,96.4,173,7.19,0,1
M-075,Line B,Day,15.2,71.2,6.24,108.1,29.9,56.9,99.5,82,7.74,0,0
M-007,Line B,Day,11.4,85.1,5.5,120.3,29.7,45.7,85.2,12,19.46,0,1
M-032,Line A,Swing,11.6,74.5,4.73,94.3,32.0,44.9,88.0,141,4.58,0,1
M-078,Line A,Day,14.2,75.5,6.13,103.1,33.4,50.2,92.1,9,23.09,0,0
M-025,Line B,Day,16.0,80.4,7.85,120.4,36.9,58.5,79.1,59,28.49,0,1
M-011,Line B,Day,14.2,74.9,5.18,87.3,26.6,52.8,87.4,44,7.2,0,0
M-040,Line B,Day,17.9,64.8,4.94,111.6,29.9,39.9,101.2,141,1.73,0,1
M-041,Line A,Day,15.2,52.5,5.0,111.3,33.0,45.9,95.2,72,8.33,0,0
M-054,Line A,Day,13.1,68.2,6.37,125.7,32.8,71.8,89.7,118,12.16,1,1
M-026,Line A,Day,15.2,78.1,4.08,90.2,45.0,51.0,91.9,13,23.39,1,0
M-077,Line C,Swing,16.7,69.2,4.47,122.1,35.4,58.4,95.6,125,14.36,0,1
M-042,Line C,Day,17.0,78.4,2.96,100.4,24.3,54.5,97.2,128,20.53,0,0
M-023,Line A,Day,21.6,73.2,3.38,101.5,36.5,51.3,86.5,52,3.79,0,1
M-077,Line B,Swing,14.0,82.3,4.18,93.8,37.3,49.3,103.3,158,2.42,0,1
M-074,Line A,Swing,15.8,69.6,4.73,95.1,33.2,58.8,101.5,85,4.25,1,0
M-040,Line A,Day,17.3,75.7,6.92,110.0,26.7,56.6,96.4,120,14.85,0,1
M-002,Line A,Swing,15.9,76.0,5.44,94.9,44.5,51.2,84.3,33,18.11,0,1
M-048,Line A,Night,14.5,85.5,3.71,113.4,27.6,39.7,82.8,167,19.33,0,1
M-045,Line B,Swing,11.4,58.3,3.93,99.4,38.0,52.6,88.4,45,15.0,0,0
M-012,Line C,Night,14.5,69.8,6.45,93.9,35.2,47.2,91.5,113,12.05,0,1
M-051,Line A,Swing,12.8,78.8,6.15,100.7,37.6,44.3,76.9,17,18.51,0,0
M-068,Line B,Day,10.8,84.4,4.83,109.4,44.2,80.1,95.0,9,6.73,0,0
M-009,Line B,Day,13.6,73.9,4.27,103.2,37.4,29.5,101.3,23,21.42,0,0
M-058,Line C,Swing,12.9,69.7,6.15,106.3,30.6,59.5,95.6,169,8.0,0,1
M-012,Line B,Night,17.8,79.6,3.61,113.0,40.6,37.6,85.6,38,15.19,0,0
M-060,Line A,Swing,17.8,78.9,5.27,116.8,30.2,49.6,84.6,158,11.18,0,1
M-034,Line B,Day,13.3,69.1,7.53,102.9,35.0,78.8,93.4,104,7.95,0,1
M-001,Line A,Swing,15.2,74.6,5.05,95.6,26.2,36.5,89.8,16,5.98,0,0
M-078,Line C,Day,10.4,81.4,3.87,106.8,27.8,39.3,94.5,79,9.67,0,1
M-014,Line B,Swing,14.5,87.1,5.29,110.7,34.3,47.8,95.8,86,10.89,0,1
M-048,Line B,Swing,17.2,77.9,4.24,91.4,36.2,37.8,99.7,48,8.77,0,0
M-015,Line A,Swing,18.5,72.4,3.13,97.1,23.8,58.6,81.9,109,4.68,0,0
M-075,Line B,Night,13.9,73.1,5.64,98.8,37.0,41.6,92.8,155,7.58,0,0
M-060,Line C,Swing,19.2,76.5,6.14,103.9,29.1,55.8,88.1,159,4.31,1,1
M-065,Line B,Swing,11.5,71.1,4.43,98.4,41.7,32.0,90.2,95,1.53,0,0
M-035,Line B,Swing,12.3,73.5,4.35,113.1,31.9,26.3,97.9,160,10.07,0,1
M-038,Line C,Night,18.1,65.0,3.65,89.9,27.3,45.3,98.8,166,49.45,0,1
M-051,Line C,Night,21.0,83.9,4.62,90.2,34.5,29.2,102.2,16,10.37,1,1
M-063,Line A,Day,17.5,62.9,4.13,102.7,28.5,66.2,94.4,114,5.19,0,0
M-068,Line B,Swing,15.9,68.5,3.59,104.2,41.6,29.6,90.1,139,5.23,0,0
M-002,Line B,Day,9.4,72.8,7.07,91.5,34.0,35.5,89.0,3,21.12,0,0
M-054,Line B,Night,9.9,89.4,5.36,99.9,33.1,53.0,77.1,109,8.57,0,1
M-009,Line A,Swing,16.4,68.6,5.49,102.0,37.6,41.0,101.7,164,9.42,0,1
M-024,Line A,Day,14.9,66.7,5.86,102.1,28.0,29.8,88.4,49,5.35,0,0
M-067,Line C,Day,12.7,67.6,5.73,107.5,26.3,72.5,95.0,154,3.01,0,1
M-021,Line C,Day,16.2,85.3,4.3,99.4,36.5,36.0,96.4,168,19.92,0,0
M-064,Line C,Swing,16.3,49.5,5.13,120.8,27.4,45.6,81.0,114,5.04,1,0
M-038,Line C,Day,18.8,64.0,4.48,110.9,27.4,45.5,83.6,113,3.06,0,0
M-019,Line B,Day,16.4,93.9,5.33,97.9,39.0,56.5,103.4,96,7.33,0,1
M-027,Line C,Night,19.7,78.2,5.21,106.9,37.2,53.5,93.3,74,10.17,1,1
M-043,Line C,Swing,16.0,63.2,4.34,107.2,26.5,38.1,86.4,82,10.52,0,0
M-062,Line B,Day,15.7,71.7,3.2,118.1,30.3,44.1,90.0,94,10.95,0,0
M-049,Line B,Day,19.2,72.5,4.98,100.0,28.6,45.3,99.7,87,7.59,0,0
M-075,Line A,Night,13.1,80.3,4.55,113.7,44.7,57.0,98.5,148,11.5,0,1
M-070,Line B,Swing,24.0,86.7,2.53,106.4,39.4,34.0,79.3,138,4.83,0,0
M-061,Line A,Swing,17.1,75.1,5.41,120.9,31.5,72.2,104.1,63,16.56,0,0
M-049,Line A,Day,17.1,67.7,5.96,118.9,37.5,38.9,98.7,92,20.39,0,1
M-024,Line B,Day,17.6,78.3,7.83,108.0,25.9,47.9,89.8,39,9.21,0,1
M-034,Line B,Day,21.6,66.4,4.33,103.4,30.0,34.1,81.5,32,15.7,0,0
M-010,Line A,Swing,18.4,63.7,4.15,111.1,34.6,32.4,99.4,67,9.99,0,0
M-030,Line C,Day,11.2,57.9,3.47,104.2,36.7,37.5,94.8,11,9.95,0,0
M-075,Line C,Day,20.2,59.5,5.05,122.8,33.4,36.4,79.3,153,16.06,0,1
M-035,Line A,Swing,15.0,64.8,5.04,106.8,35.5,43.0,89.1,23,2.6,0,0
M-010,Line A,Night,16.3,64.1,3.83,101.9,34.5,36.3,116.0,59,21.64,0,0
M-053,Line A,Swing,12.2,74.5,4.59,101.4,33.0,56.3,91.1,46,11.05,0,0
M-078,Line C,Swing,17.6,62.4,2.43,93.9,32.2,38.6,85.1,38,3.28,0,0
M-070,Line C,Swing,14.0,46.9,5.91,111.6,31.4,37.3,82.9,66,3.91,0,1
M-022,Line A,Day,16.3,63.6,3.88,97.8,35.4,43.3,105.2,129,7.74,0,0
M-037,Line C,Day,15.1,68.2,4.76,117.0,36.5,59.9,97.8,160,6.98,1,1
M-043,Line A,Swing,21.8,67.2,3.09,93.1,35.2,50.6,102.3,34,16.15,0,0
M-020,Line B,Day,21.9,84.2,4.1,107.3,26.9,46.8,93.0,43,11.25,1,1
M-022,Line C,Swing,16.1,67.1,4.46,117.5,28.0,30.8,101.0,85,9.3,0,0
M-019,Line A,Night,16.2,80.5,4.79,84.5,36.4,34.3,84.2,58,3.34,0,0
M-080,Line A,Night,14.9,73.3,5.38,126.2,42.8,32.7,92.3,144,2.57,0,1
M-060,Line B,Day,19.3,71.7,6.53,101.7,34.9,63.7,93.3,40,5.31,0,1
M-068,Line B,Day,15.0,65.3,5.68,107.4,31.5,54.4,102.1,73,4.94,0,0
M-066,Line C,Day,14.7,71.5,5.95,111.7,35.3,37.7,93.6,98,4.42,1,0
M-077,Line C,Day,18.9,65.9,6.54,113.3,27.2,41.2,86.0,69,10.48,0,0
M-009,Line A,Day,14.4,73.4,5.48,108.7,41.9,38.1,91.5,111,7.8,0,0
M-071,Line A,Day,15.9,70.1,4.76,116.0,35.1,37.4,77.6,144,22.6,1,1
M-006,Line C,Swing,11.3,64.4,6.01,111.2,30.0,53.5,72.4,96,0.85,1,1
M-039,Line A,Swing,18.1,79.9,6.09,123.6,33.0,44.5,97.7,82,1.11,0,1
M-048,Line C,Night,21.8,76.9,5.58,111.2,30.8,73.0,88.0,171,3.18,0,1
M-029,Line B,Day,18.2,68.4,3.05,125.6,41.9,63.0,88.9,176,3.97,0,1
M-012,Line A,Day,20.4,73.2,3.79,115.0,32.8,63.7,97.6,179,22.31,0,1
M-016,Line C,Day,13.5,71.3,4.47,87.9,34.9,56.1,102.2,3,11.34,1,0
M-066,Line A,Day,16.7,65.1,5.74,132.1,37.4,42.9,95.3,150,7.38,1,0
M-026,Line B,Day,13.2,72.6,4.77,100.3,29.6,55.2,106.4,161,9.24,0,0
M-025,Line B,Night,15.3,68.5,6.16,121.0,35.2,43.8,95.0,145,15.21,0,0
M-074,Line B,Day,18.3,64.4,6.38,106.3,35.6,67.6,93.4,135,8.1,0,1
M-012,Line B,Day,16.3,59.0,6.24,116.6,24.7,52.9,92.9,66,15.84,1,1
M-074,Line B,Swing,11.8,69.1,6.25,99.1,35.5,51.1,80.7,130,7.78,1,0
M-074,Line C,Swing,12.1,76.5,3.56,112.3,33.7,49.5,98.6,104,9.39,0,1
M-048,Line C,Swing,11.9,66.4,5.38,103.5,34.8,68.9,71.4,149,13.41,1,0
M-014,Line B,Day,17.5,92.2,4.07,121.8,34.2,30.8,86.3,63,8.42,0,0
M-013,Line A,Night,22.2,80.6,2.82,110.4,35.6,70.1,91.2,133,1.34,1,1
M-023,Line B,Day,20.1,82.4,4.46,115.4,42.0,45.8,84.7,141,7.03,0,1
M-047,Line C,Day,10.3,78.4,6.39,84.4,26.9,31.1,87.4,150,4.14,0,1
M-013,Line A,Swing,20.3,86.8,5.35,105.1,31.9,39.0,105.7,31,4.52,0,0
M-037,Line B,Night,18.8,67.2,7.22,110.1,38.0,28.2,99.8,155,5.76,0,1
M-010,Line B,Day,11.4,51.5,5.01,108.2,36.9,55.8,85.5,39,7.95,0,0
M-044,Line A,Swing,15.1,68.4,7.74,115.6,36.8,35.5,87.2,168,13.61,0,1
M-002,Line B,Day,19.3,76.5,5.01,102.3,50.5,50.0,80.8,7,3.16,0,0
M-057,Line B,Day,17.7,73.2,4.83,106.5,37.7,61.6,96.6,41,11.25,0,1
M-005,Line C,Day,12.1,74.2,3.26,117.8,40.8,39.9,89.0,110,9.86,0,1
M-016,Line C,Swing,17.8,82.6,6.13,83.2,32.2,44.8,75.3,98,9.34,0,0
M-014,Line C,Day,9.6,75.1,4.2,111.9,28.0,32.4,91.8,124,2.0,0,1
M-067,Line B,Swing,15.3,78.4,4.02,102.7,32.1,43.3,94.5,73,3.04,0,1
M-005,Line A,Day,19.4,64.5,6.34,96.9,38.3,78.9,98.7,1,7.58,0,0
M-035,Line B,Night,16.1,64.7,6.19,109.4,36.4,57.3,90.4,111,35.11,0,0
M-048,Line C,Night,14.5,86.4,6.16,118.3,36.4,44.8,88.0,92,12.83,0,1
M-042,Line B,Day,18.7,72.8,4.37,116.4,32.7,40.7,106.9,92,24.75,0,0
M-055,Line C,Day,18.9,67.0,4.74,104.6,31.8,47.5,91.1,68,10.63,0,0
M-065,Line A,Day,19.9,67.0,4.73,114.8,32.9,49.6,96.8,160,1.41,0,1
M-032,Line C,Night,18.6,68.3,5.74,114.7,38.3,43.0,86.7,142,5.06,0,1
M-067,Line A,Day,19.2,66.3,6.66,105.1,39.0,54.4,96.5,33,5.0,0,0
M-026,Line A,Swing,18.2,61.7,5.24,99.1,28.0,36.6,79.4,7,7.38,0,0
M-079,Line B,Day,16.8,60.0,7.17,99.6,38.6,36.5,87.3,33,13.02,0,0
M-041,Line A,Swing,16.3,70.4,5.88,114.4,30.1,52.4,81.3,9,5.82,0,1
M-059,Line A,Swing,15.3,67.3,4.52,105.6,36.8,34.0,86.2,127,6.08,0,1
M-071,Line A,Swing,12.4,80.9,5.79,95.5,32.8,56.7,101.0,112,20.29,0,0
M-064,Line B,Night,13.1,75.8,6.85,89.2,43.4,47.8,86.1,83,15.74,0,1
M-069,Line C,Day,15.2,74.1,7.2,114.3,31.5,26.1,96.7,106,11.54,0,1
M-043,Line A,Night,16.7,67.6,6.22,100.5,35.1,49.3,103.1,145,10.23,0,1
M-004,Line B,Day,20.3,71.0,4.83,109.3,37.6,27.8,90.8,149,8.74,0,0
M-040,Line C,Swing,15.9,74.9,4.54,118.4,28.8,56.3,99.0,78,24.83,0,1
M-015,Line A,Night,19.0,79.2,5.49,92.9,33.6,45.0,95.2,107,7.19,0,1
M-072,Line A,Swing,19.2,71.2,6.81,105.5,32.4,70.2,91.9,104,11.29,0,1
M-019,Line C,Swing,15.3,80.6,5.32,104.3,30.9,60.9,97.0,170,8.52,0,1
M-019,Line C,Day,17.8,72.1,5.35,109.8,31.4,35.3,105.7,137,10.58,0,1
M-020,Line B,Day,15.3,78.3,4.86,118.4,40.7,23.8,85.9,57,9.09,0,1
M-052,Line C,Day,20.0,68.1,4.41,92.7,30.4,38.9,83.3,159,15.21,0,1
M-046,Line A,Swing,17.9,57.5,4.61,111.7,37.4,33.3,82.9,72,7.85,1,0
M-076,Line B,Swing,12.4,74.1,4.96,116.3,35.9,69.9,99.0,136,5.55,0,1
M-034,Line B,Day,16.5,77.8,6.86,104.1,25.6,47.9,100.0,176,17.85,0,1
M-023,Line A,Day,20.9,76.6,4.51,104.6,37.1,59.2,86.7,145,13.27,1,1
M-004,Line C,Day,15.5,75.4,4.86,110.2,25.5,44.6,73.9,20,13.71,0,0
M-001,Line B,Day,17.3,69.2,3.76,109.4,37.8,45.8,85.6,37,4.22,0,1
M-030,Line C,Day,17.6,65.5,5.66,111.8,31.0,47.6,95.4,143,2.69,0,1
M-075,Line B,Night,12.9,77.9,6.44,111.6,34.1,61.3,90.5,23,12.71,0,1
M-042,Line B,Swing,17.5,75.4,6.75,96.2,26.2,51.7,92.4,3,5.65,0,0
M-072,Line A,Day,11.8,67.5,5.04,115.9,34.7,35.3,86.8,47,11.27,0,0
M-009,Line A,Swing,14.1,80.9,5.49,117.7,39.6,67.5,99.1,88,23.34,0,1
M-008,Line C,Night,19.2,66.4,4.62,107.9,29.2,44.5,93.7,23,7.49,0,0
M-067,Line A,Day,17.1,67.3,5.43,91.1,30.4,42.5,95.7,28,5.55,1,0
M-009,Line A,Day,15.1,85.1,5.18,104.9,36.7,20.0,92.3,61,7.8,0,1
M-005,Line A,Day,17.3,78.9,4.87,107.9,36.9,55.6,95.2,108,21.88,0,1
M-033,Line A,Day,15.8,69.1,4.97,94.6,19.4,49.2,94.7,98,10.64,1,0
M-074,Line C,Swing,16.0,74.3,5.34,102.4,46.1,49.2,83.6,143,1.05,0,1
M-056,Line B,Night,18.0,74.7,4.45,91.9,37.2,43.2,94.0,176,4.62,0,1
M-008,Line C,Day,13.8,50.0,4.51,112.1,38.2,41.1,97.3,6,7.28,0,0
M-067,Line A,Swing,16.1,64.7,6.85,107.7,33.1,43.6,100.2,124,17.14,0,0
M-068,Line B,Day,15.1,71.6,8.05,89.5,22.9,53.6,94.3,30,7.89,0,0
M-065,Line B,Swing,11.2,69.1,3.35,109.5,38.0,55.7,83.3,65,11.84,1,0
M-073,Line B,Swing,13.2,74.0,3.29,105.4,30.6,45.2,84.5,62,11.47,0,0
M-020,Line C,Day,20.7,81.0,3.65,111.2,37.3,59.4,87.5,126,3.91,0,1
M-079,Line C,Day,17.2,69.4,4.68,102.1,32.7,47.1,92.5,46,3.14,0,1
M-026,Line C,Swing,12.0,63.5,5.87,98.0,35.4,41.9,90.0,161,7.61,0,0
M-065,Line A,Night,11.4,76.1,5.51,98.3,29.4,50.4,82.0,69,2.1,0,0
M-047,Line A,Day,15.7,69.4,5.01,100.6,39.2,31.7,82.0,146,6.73,0,0
M-063,Line B,Day,20.7,70.8,5.43,106.2,26.9,50.8,74.2,171,7.19,0,1
M-051,Line A,Day,15.4,69.7,3.97,107.5,47.5,29.5,66.0,92,1.83,0,1
M-052,Line B,Swing,19.9,89.9,4.51,104.1,47.4,35.7,89.9,19,14.9,1,1
M-050,Line B,Swing,17.1,54.1,4.78,101.8,43.8,23.8,109.6,126,2.99,0,0
M-063,Line B,Swing,17.4,68.9,2.9,102.5,41.7,45.9,105.4,76,16.59,1,0
M-060,Line C,Swing,12.0,72.0,3.41,131.1,33.5,67.3,83.2,61,28.03,0,1
M-011,Line B,Night,18.8,67.3,3.45,98.3,41.0,46.6,92.2,82,4.86,0,1
M-067,Line A,Night,15.0,80.7,5.72,100.4,33.4,55.7,79.3,54,5.06,0,1
M-043,Line A,Day,18.6,78.5,5.09,138.9,24.7,76.2,80.5,51,4.24,0,0
M-026,Line B,Swing,13.6,71.6,5.53,110.2,43.0,52.8,81.4,178,14.5,0,1
M-042,Line B,Day,16.5,69.8,2.59,92.2,40.8,38.8,89.2,50,12.68,0,0
M-078,Line A,Day,17.1,71.1,3.02,114.4,33.8,40.5,89.5,83,5.41,0,0
M-069,Line B,Night,15.5,72.7,5.6,96.9,26.6,48.0,93.0,128,19.22,0,1
M-067,Line C,Swing,17.2,71.4,1.47,115.1,30.5,40.4,96.3,40,6.94,0,0
M-038,Line C,Night,15.2,72.0,6.27,103.9,23.1,41.3,88.3,111,4.58,0,0
M-063,Line B,Day,14.1,74.0,2.61,101.6,39.7,59.8,91.3,161,10.48,0,1
M-031,Line B,Swing,20.8,78.0,5.81,122.1,24.4,60.3,82.2,146,5.49,0,1
M-055,Line A,Swing,19.1,62.2,3.73,111.7,35.7,28.2,80.2,6,2.09,0,0
M-052,Line B,Day,13.7,63.6,6.06,115.7,28.9,38.2,79.0,73,2.13,0,0
M-020,Line A,Day,17.7,58.0,8.65,110.3,25.4,42.4,96.2,1,2.77,1,0
M-022,Line B,Swing,13.8,78.9,2.07,101.6,35.4,55.2,88.3,109,1.75,1,0
M-005,Line B,Day,12.4,74.0,5.63,112.1,32.0,61.7,76.0,59,10.65,0,0
M-012,Line A,Night,19.1,77.5,2.63,118.1,39.0,80.4,90.5,160,4.46,0,1
M-035,Line A,Day,10.9,60.6,5.31,107.3,26.4,42.4,81.0,32,4.82,0,1
M-039,Line A,Day,18.8,86.3,4.55,124.0,29.5,43.0,104.3,153,3.36,0,1
M-014,Line C,Swing,15.2,67.1,4.96,114.5,19.7,55.1,86.4,62,9.87,0,0
M-034,Line B,Day,15.4,73.3,3.71,108.1,20.9,39.8,96.5,165,11.55,1,1
M-049,Line A,Night,17.2,80.3,5.74,108.5,44.8,46.3,99.7,36,13.54,1,1
M-019,Line C,Swing,17.7,64.1,3.06,107.4,46.5,43.0,83.4,49,17.05,0,0
M-028,Line B,Day,13.5,67.6,6.29,93.5,34.6,20.0,91.6,63,18.94,0,1
M-030,Line B,Swing,18.2,73.4,4.31,105.1,29.1,49.5,95.4,177,3.29,0,1
M-041,Line C,Swing,16.3,94.9,3.12,108.2,32.2,45.8,91.9,132,13.72,0,1
M-030,Line A,Swing,12.2,74.4,6.71,101.8,39.2,63.3,93.9,147,4.45,0,1
M-059,Line A,Night,15.5,86.4,4.72,109.4,30.9,48.1,80.4,99,9.37,0,0
M-027,Line B,Swing,20.1,81.6,7.09,106.2,35.4,32.9,95.4,143,8.12,0,1
M-035,Line A,Swing,21.0,74.9,6.27,113.7,33.9,44.9,87.1,113,1.36,1,1
M-031,Line B,Day,18.2,64.1,3.84,112.6,30.6,22.9,93.8,120,21.68,0,0
M-015,Line A,Swing,12.4,80.5,4.7,107.7,30.8,33.5,98.4,150,24.29,0,0
M-055,Line A,Night,17.5,61.5,4.95,92.3,35.8,55.6,96.4,177,6.04,1,0
M-019,Line A,Swing,18.6,84.8,6.63,123.9,28.1,45.0,93.8,104,27.89,0,1
M-024,Line B,Swing,18.2,73.6,5.33,104.6,36.7,59.1,96.1,80,8.93,0,0
M-064,Line A,Day,18.4,50.8,5.01,105.2,31.2,24.4,96.5,117,13.24,0,0
M-076,Line A,Swing,17.1,69.3,4.56,102.6,34.8,45.1,103.0,133,15.58,0,0
M-054,Line C,Night,15.8,78.7,4.74,101.1,42.3,42.3,90.7,177,18.22,0,1
M-074,Line A,Day,14.2,70.1,6.37,121.4,33.0,59.5,92.3,126,16.09,1,1
M-069,Line B,Day,10.3,77.7,4.8,119.9,39.5,56.1,98.5,171,19.1,0,0
M-039,Line A,Swing,17.0,65.2,4.33,110.4,23.2,55.7,87.1,132,5.08,0,0
M-062,Line B,Swing,16.6,61.6,4.12,104.9,31.2,66.5,80.3,171,8.98,0,0
M-027,Line A,Swing,17.7,71.4,4.14,112.2,34.2,43.6,94.9,135,32.04,0,1
M-037,Line B,Day,12.0,72.3,3.12,106.7,45.5,64.0,89.4,159,19.0,1,1
M-043,Line A,Day,17.9,69.2,3.9,104.1,22.2,35.5,81.3,35,35.66,0,0
M-077,Line C,Swing,22.2,81.8,6.6,109.4,33.4,35.0,95.0,178,1.42,0,1
M-068,Line C,Swing,16.2,65.2,4.55,101.6,42.7,57.0,102.4,63,7.12,0,0
M-040,Line A,Swing,15.8,74.5,5.65,108.5,29.3,29.9,78.0,143,5.37,0,0
M-053,Line A,Swing,16.9,72.5,1.83,108.0,32.7,54.9,99.2,71,19.55,1,1
M-017,Line A,Swing,22.1,59.5,5.48,112.0,36.0,49.2,70.7,82,9.71,0,0
M-065,Line B,Swing,12.9,61.4,4.61,99.8,35.1,60.9,87.8,134,10.14,0,1
M-045,Line A,Swing,16.6,72.1,4.22,113.1,43.4,47.3,105.7,97,10.29,0,1
M-043,Line C,Swing,13.6,87.8,5.02,96.9,36.7,48.7,88.4,129,13.71,0,1
M-062,Line C,Swing,14.4,76.6,4.21,100.3,42.0,54.1,91.7,15,4.33,0,1
M-051,Line C,Day,15.9,58.2,2.25,100.7,31.8,40.0,97.1,150,5.3,0,0
M-006,Line B,Day,20.0,47.1,5.91,95.3,29.6,39.5,77.3,74,10.91,0,0
M-024,Line C,Swing,21.4,77.9,5.09,116.2,32.6,53.7,91.6,142,13.73,1,1
M-015,Line A,Night,17.3,72.7,4.42,96.3,27.0,47.6,91.5,52,6.32,0,0
M-059,Line B,Swing,14.9,81.1,3.64,99.0,36.9,43.1,105.9,107,29.68,0,1
M-003,Line A,Day,23.5,65.0,3.04,118.6,31.7,47.0,81.1,106,8.11,0,1
M-017,Line C,Swing,14.7,74.8,5.07,100.3,30.0,67.1,87.9,26,1.45,0,1
M-048,Line B,Day,14.3,78.8,6.74,104.1,37.0,42.7,83.6,85,15.59,0,1
M-056,Line C,Swing,10.7,68.4,5.04,95.9,27.1,42.3,82.7,114,17.67,0,0
M-041,Line A,Night,20.2,70.1,3.14,114.3,38.6,27.5,100.0,150,15.26,0,1
M-069,Line C,Swing,18.9,72.2,5.07,114.5,31.1,47.5,91.2,159,8.3,0,1
M-074,Line B,Swing,23.3,76.3,4.74,113.4,41.0,55.9,86.6,69,9.63,0,1
M-011,Line B,Day,11.8,71.9,5.84,111.4,31.6,58.0,86.9,116,6.11,0,1
M-077,Line C,Day,20.4,79.8,5.53,106.7,37.8,49.3,86.5,32,23.81,1,1
M-050,Line B,Night,16.2,69.8,1.22,100.8,35.1,59.5,87.2,161,7.18,0,0
M-051,Line B,Swing,18.4,61.4,5.45,97.9,38.5,56.8,80.9,156,11.16,1,1
M-008,Line B,Swing,11.1,87.8,3.6,118.9,34.7,61.4,88.9,179,13.77,0,1
M-050,Line A,Day,20.4,67.2,3.09,113.6,24.0,59.8,88.1,88,9.5,0,1
M-059,Line A,Day,18.4,67.5,4.57,99.1,40.1,66.8,84.9,65,9.0,0,0
M-047,Line A,Day,15.9,71.5,5.29,106.4,33.5,46.0,92.2,136,17.36,0,0
M-007,Line A,Day,17.9,72.5,2.83,103.0,38.7,32.1,92.9,130,3.68,0,1
M-042,Line C,Day,13.7,68.9,5.65,94.7,38.1,56.0,86.5,38,5.92,0,0
M-075,Line B,Night,14.3,73.4,5.72,107.8,29.4,57.4,89.8,97,10.43,1,0
M-058,Line B,Swing,14.6,71.7,4.86,101.8,28.5,66.8,108.3,116,1.71,0,0
M-011,Line B,Day,10.4,73.4,3.76,96.5,37.9,63.4,108.0,82,10.77,0,1
M-077,Line B,Day,18.6,53.1,3.62,91.2,32.2,71.3,82.6,67,10.75,0,0
M-077,Line B,Day,19.6,87.0,6.03,90.4,39.6,55.4,83.7,43,18.29,0,1
M-014,Line C,Night,13.9,72.3,2.99,102.3,32.9,50.7,82.5,74,21.25,0,1
M-065,Line C,Day,17.0,76.6,6.08,105.1,40.1,31.4,99.5,45,5.89,1,1
M-033,Line B,Swing,15.2,61.0,4.6,97.2,36.5,51.7,87.8,54,5.31,0,0
M-048,Line A,Night,17.0,69.7,4.68,112.5,35.7,41.4,92.9,34,8.38,0,1
M-036,Line B,Day,14.1,66.6,2.75,105.3,31.8,50.5,107.0,68,19.68,0,0
M-063,Line B,Swing,13.3,83.8,4.62,111.8,35.4,48.7,90.9,114,3.86,0,1
M-080,Line B,Night,19.2,68.8,5.54,104.2,41.2,53.7,96.6,68,10.39,0,0
M-064,Line B,Day,15.8,78.1,3.2,98.1,33.7,46.8,95.2,26,2.69,0,0
M-075,Line B,Day,22.1,66.8,5.4,107.1,37.2,59.2,86.3,144,1.63,0,1
M-076,Line A,Night,16.1,69.9,4.91,93.4,34.3,20.0,99.5,78,2.86,0,0
M-008,Line A,Night,13.2,71.5,4.03,111.4,34.7,50.3,84.2,105,11.02,1,1
M-021,Line B,Swing,19.7,82.3,5.83,96.6,44.3,62.4,101.7,94,5.5,0,1
M-058,Line A,Swing,17.9,56.9,2.16,115.2,41.2,70.4,86.3,91,5.0,0,0
M-048,Line A,Day,18.2,61.5,5.22,102.6,34.5,56.8,87.2,79,4.46,0,1
M-005,Line B,Night,19.6,57.9,6.74,116.6,35.3,68.2,82.3,136,12.64,0,1
M-008,Line B,Swing,14.0,63.3,6.53,94.8,29.8,50.0,83.6,154,12.16,1,0
M-042,Line A,Day,15.6,65.5,5.27,99.2,33.0,48.0,87.6,162,10.67,1,0
M-050,Line B,Swing,15.5,59.1,4.44,109.8,35.9,54.4,71.5,80,4.63,0,0
M-014,Line C,Night,12.1,67.6,4.04,117.7,39.1,48.0,89.1,62,1.52,0,1
M-014,Line A,Night,15.2,57.4,4.44,122.7,38.5,38.6,86.9,15,0.4,0,0
M-011,Line C,Day,20.0,63.9,5.45,106.4,27.3,41.8,97.3,80,14.15,0,0
M-046,Line C,Day,16.7,81.6,3.83,124.4,39.9,34.7,94.4,178,4.66,0,1
M-001,Line B,Night,12.0,76.7,5.71,103.1,33.5,54.3,85.3,47,18.53,0,1
M-046,Line B,Night,11.3,75.0,7.36,117.0,28.1,48.1,87.3,152,25.0,0,1
M-039,Line A,Swing,21.0,64.0,4.73,96.6,42.0,43.7,89.1,136,13.45,0,0
M-038,Line C,Swing,15.7,59.7,3.19,110.2,42.8,41.2,102.9,119,4.5,0,1
M-055,Line B,Swing,14.1,62.9,3.19,82.6,35.6,54.1,84.4,102,15.35,0,0
M-042,Line C,Day,15.2,71.7,5.73,94.8,38.3,57.4,85.2,136,5.9,0,1
M-059,Line B,Day,11.6,78.9,4.73,110.7,38.6,34.4,82.0,18,2.74,0,0
M-062,Line A,Day,20.3,79.2,5.85,92.9,42.4,32.5,79.1,23,14.6,0,1
M-074,Line A,Day,14.8,77.0,4.16,110.3,38.4,59.5,93.5,36,16.21,1,0
M-064,Line B,Night,20.1,67.6,5.8,115.1,26.0,31.5,92.6,138,5.13,0,0
M-042,Line B,Day,16.2,72.2,4.61,101.0,46.1,54.6,101.3,78,7.38,0,0
M-040,Line A,Day,20.3,69.4,3.92,96.3,40.4,67.4,99.3,38,7.12,0,0
M-019,Line B,Swing,16.8,70.4,4.32,101.3,30.9,67.4,110.2,9,17.54,0,0
M-048,Line C,Day,18.6,88.3,3.36,96.3,27.8,56.9,90.4,88,4.75,0,1
M-012,Line B,Day,18.2,57.9,7.19,105.0,37.0,56.5,88.9,72,18.2,0,0
M-075,Line B,Swing,17.9,70.1,4.68,107.0,32.3,75.0,80.6,32,19.17,0,0
M-068,Line A,Day,17.0,81.7,5.57,102.9,36.0,20.0,96.6,5,9.5,0,1
M-010,Line C,Swing,15.3,60.3,4.16,122.7,38.5,42.4,91.9,135,11.51,0,1
M-063,Line A,Night,21.7,68.4,3.54,98.8,30.6,58.2,96.2,140,2.02,0,0
M-010,Line C,Day,13.3,67.8,4.52,119.9,27.3,44.0,81.9,45,7.02,0,0
M-058,Line B,Night,16.0,71.7,6.12,95.6,36.3,62.9,93.8,89,11.84,0,1
M-008,Line B,Night,16.0,60.7,4.18,106.7,30.8,47.5,92.6,46,17.25,0,0
M-040,Line A,Night,17.2,78.3,3.76,117.8,34.9,49.6,92.1,74,20.11,0,1
M-053,Line A,Swing,14.7,77.3,4.99,117.3,25.9,44.7,85.5,20,1.91,0,0
M-059,Line C,Swing,16.9,76.1,5.4,101.8,32.5,41.7,100.5,170,6.1,0,0
M-034,Line B,Swing,15.5,65.0,6.77,111.6,38.3,41.4,107.4,129,2.85,0,0
M-074,Line B,Swing,11.3,72.7,5.22,110.2,37.6,51.3,82.1,162,2.28,0,1
M-062,Line C,Day,16.0,64.8,5.57,100.6,29.3,38.7,96.8,53,7.88,0,0
M-017,Line C,Night,12.7,70.8,5.66,112.2,27.0,59.4,68.0,157,5.49,0,1
M-054,Line C,Swing,10.8,89.2,3.42,124.6,34.1,55.8,96.3,93,9.57,1,1
M-059,Line A,Swing,16.4,72.8,3.64,110.7,37.4,61.2,76.0,36,7.25,0,1
M-027,Line B,Day,17.5,62.5,3.5,111.7,36.4,34.5,86.8,60,12.85,0,0
M-060,Line C,Day,17.6,73.4,3.2,112.7,30.9,27.6,80.5,146,15.68,0,1
M-072,Line B,Swing,17.7,61.2,5.75,91.4,35.8,47.9,89.3,139,7.47,0,1
M-066,Line A,Swing,10.2,62.4,5.15,110.6,43.0,82.8,97.7,129,4.66,0,1
M-062,Line C,Day,11.9,63.7,4.9,95.8,35.2,63.2,76.1,41,8.5,0,1
M-051,Line B,Day,21.9,68.4,1.69,100.1,24.2,41.3,88.1,116,2.08,0,0
M-022,Line B,Day,12.9,79.5,7.27,127.6,35.2,53.1,86.9,169,3.98,0,1
M-064,Line C,Swing,17.8,76.6,3.73,103.5,46.3,56.7,103.6,9,6.96,0,0
M-030,Line B,Day,13.9,76.2,7.26,98.6,26.3,31.6,94.5,58,1.57,0,1
M-043,Line B,Night,16.2,64.7,3.06,117.5,34.2,64.4,81.6,15,2.31,0,0
M-026,Line B,Day,14.1,67.7,3.83,96.5,32.6,46.0,87.2,19,8.56,0,0
M-026,Line B,Day,17.7,74.2,2.16,101.5,34.6,46.9,103.4,179,13.29,0,0
M-013,Line A,Day,16.4,67.0,5.23,118.5,35.2,48.3,96.7,44,12.26,1,0
M-077,Line C,Swing,14.7,69.8,3.48,106.4,40.8,61.7,83.7,33,2.73,0,1
M-012,Line C,Swing,12.8,75.5,3.51,90.4,34.5,38.9,88.9,14,4.56,0,0
M-007,Line A,Swing,16.8,69.2,3.15,111.4,41.7,27.5,89.1,176,14.54,0,1
M-075,Line A,Night,12.4,75.3,5.73,102.0,33.3,51.9,86.7,84,8.25,1,1
M-045,Line C,Day,17.3,84.7,5.65,121.4,31.9,23.5,77.3,142,20.54,0,1
M-036,Line A,Swing,23.9,70.6,6.97,99.9,30.0,44.4,85.6,45,33.39,0,1
M-059,Line B,Day,20.1,81.4,3.98,116.5,23.1,62.2,102.1,115,8.37,0,0
M-031,Line B,Day,18.2,76.5,5.06,123.8,35.7,54.9,88.0,159,5.28,0,0
M-011,Line B,Swing,15.7,60.3,3.25,97.5,46.3,60.5,90.2,121,8.94,0,0
M-059,Line A,Day,10.2,63.2,4.4,104.1,36.7,55.4,92.1,93,2.18,1,0
M-015,Line B,Swing,12.0,65.3,4.18,109.9,38.1,76.9,108.7,38,15.4,1,1
M-045,Line B,Swing,19.8,65.2,5.36,97.4,31.5,40.9,91.1,42,3.79,0,0
M-076,Line B,Swing,13.6,71.3,6.02,108.7,32.5,52.8,99.8,107,4.26,0,0
M-075,Line A,Swing,13.9,76.9,5.99,103.8,39.9,42.7,86.2,81,10.02,0,1
M-029,Line B,Swing,15.5,82.0,3.79,103.5,46.1,59.5,88.9,9,5.58,0,1
M-063,Line B,Day,12.8,74.5,6.0,106.5,42.9,47.3,91.1,36,5.86,0,1
M-050,Line A,Day,12.3,68.4,4.75,106.7,38.8,68.6,84.8,78,5.0,1,1
M-039,Line A,Day,15.8,55.3,4.41,107.6,34.2,41.6,89.4,32,1.57,0,0
M-012,Line A,Swing,13.3,72.6,3.95,100.0,35.3,64.9,98.1,100,7.89,0,1
M-031,Line A,Night,13.8,73.7,4.13,100.4,29.5,55.1,84.6,54,1.9,0,1
M-053,Line A,Day,13.7,73.5,6.89,104.8,25.3,47.6,91.0,53,19.07,0,0
M-079,Line C,Swing,17.6,88.8,5.17,105.6,27.2,54.5,96.7,20,23.74,0,1
M-001,Line B,Swing,15.3,81.9,5.01,101.6,34.3,51.1,84.4,91,6.9,0,1
M-058,Line C,Night,15.5,79.8,4.49,109.2,32.2,52.3,99.8,34,14.83,0,0
M-068,Line C,Swing,17.8,64.3,7.74,87.9,25.2,45.5,91.6,113,4.17,0,1
M-077,Line A,Swing,15.6,67.9,6.37,98.7,33.8,39.6,89.7,168,7.95,0,0
M-034,Line B,Swing,15.2,71.2,3.93,103.2,32.1,44.0,74.9,164,9.41,0,1
M-010,Line C,Night,17.4,67.3,4.47,97.4,27.0,27.8,88.0,120,3.56,0,0
M-022,Line B,Day,18.0,76.0,4.54,122.3,31.8,58.1,94.0,145,0.78,0,0
M-069,Line B,Night,15.6,76.4,4.98,106.2,32.1,33.2,105.0,165,11.49,0,0
M-071,Line B,Day,16.2,63.3,3.96,107.8,30.3,45.4,95.5,123,8.38,0,0
M-051,Line A,Night,13.7,83.1,5.33,101.2,39.6,55.8,100.0,46,10.51,1,1
M-010,Line B,Day,13.4,72.8,6.54,105.8,22.6,58.1,81.3,90,11.77,0,0
M-010,Line C,Day,18.3,58.2,3.22,93.8,22.1,26.7,90.0,154,7.01,0,0
M-039,Line C,Day,17.3,71.6,3.45,104.3,34.0,46.9,100.8,120,32.33,1,0
M-048,Line A,Day,17.4,74.2,4.22,96.6,34.6,53.5,83.9,65,2.47,1,1
M-003,Line B,Day,16.8,79.8,4.28,103.2,36.4,48.6,98.7,31,15.98,0,0
M-055,Line A,Day,16.1,69.3,7.2,80.4,30.8,64.1,96.9,26,9.5,0,1
M-044,Line C,Swing,18.1,78.6,6.0,94.7,28.5,38.1,93.2,68,8.57,0,0
M-001,Line A,Day,18.8,73.5,5.93,120.6,34.0,23.4,88.4,145,13.0,0,0
M-008,Line C,Swing,18.7,61.5,4.48,114.3,31.4,57.7,83.1,99,7.07,0,0
M-037,Line C,Night,15.7,62.2,4.46,119.2,43.3,41.6,105.2,11,18.03,1,0
M-058,Line A,Swing,20.2,81.0,3.06,119.9,32.1,26.9,96.1,165,28.79,0,0
M-067,Line A,Day,16.7,81.6,5.74,112.7,33.7,46.1,93.7,73,9.04,0,0
M-035,Line C,Day,17.9,74.6,5.39,101.5,48.9,62.8,87.7,70,5.89,0,1
M-024,Line A,Night,16.8,85.5,6.34,95.6,32.8,32.8,91.3,147,3.41,0,0
M-078,Line B,Day,16.7,80.5,4.55,117.5,37.3,76.0,92.3,68,13.33,0,0
M-037,Line C,Day,13.8,77.5,4.63,106.6,37.9,37.9,94.2,111,3.8,0,1
M-026,Line B,Night,18.1,66.2,5.0,130.9,38.4,49.0,96.9,165,4.7,1,1
M-036,Line B,Night,24.0,87.4,5.87,102.3,35.7,33.4,84.7,93,9.04,0,1
M-001,Line B,Day,14.9,76.3,3.04,125.7,35.2,48.5,79.3,110,10.58,0,0
M-025,Line A,Swing,16.2,68.9,5.68,104.4,34.6,46.4,91.7,64,4.44,0,0
M-042,Line C,Swing,14.7,66.7,4.78,119.4,30.5,30.1,77.0,160,23.36,1,1
M-074,Line A,Swing,14.5,74.1,3.53,123.0,36.0,81.9,88.4,14,9.29,0,0
M-060,Line A,Day,20.6,58.6,2.3,95.8,46.2,42.1,86.9,50,10.16,0,0
M-063,Line A,Day,14.0,77.6,4.64,101.2,41.3,42.1,94.9,178,6.76,0,1
M-044,Line C,Swing,14.6,64.4,6.54,95.7,35.8,59.6,106.9,87,3.55,0,1
M-009,Line A,Day,11.2,75.0,6.81,93.7,39.1,69.8,75.4,32,9.9,0,0
M-032,Line C,Swing,13.7,67.8,5.23,112.7,28.8,61.5,109.2,75,12.76,0,1
M-080,Line B,Day,10.9,69.9,7.15,104.0,32.4,33.6,89.1,46,23.77,0,0
M-004,Line C,Night,17.9,67.4,4.75,106.5,39.7,50.6,93.8,95,2.76,1,1
M-071,Line C,Night,24.0,72.2,5.94,111.6,42.9,25.4,79.7,43,6.08,1,1
M-055,Line C,Swing,14.9,87.1,4.26,87.4,29.4,58.8,99.0,72,13.32,0,1
M-023,Line C,Swing,11.0,83.1,4.18,118.9,31.1,28.4,91.3,163,15.29,1,1
M-063,Line A,Day,18.7,74.8,3.99,102.5,47.1,38.4,90.5,15,9.76,0,0
M-067,Line C,Swing,13.8,71.8,2.33,111.3,34.6,48.0,75.5,137,12.77,0,1
M-004,Line B,Day,19.9,78.8,6.34,112.2,44.9,53.3,91.6,14,7.36,1,0
M-009,Line B,Night,15.2,82.5,4.03,119.7,35.2,44.9,97.8,82,18.76,0,1
M-054,Line C,Night,14.1,66.9,3.84,105.0,35.5,66.2,89.1,120,11.7,0,0
M-080,Line C,Night,15.5,72.9,3.38,84.8,32.2,56.7,100.4,172,9.8,0,0
M-002,Line B,Night,18.3,58.9,4.55,106.6,39.7,55.7,100.1,45,11.7,0,0
M-054,Line B,Night,15.3,82.5,6.92,108.0,42.1,33.2,85.9,10,14.35,0,0
M-011,Line B,Day,14.5,88.5,7.31,95.7,27.8,68.4,103.8,135,2.66,1,1
M-053,Line B,Night,15.4,74.1,2.81,107.5,31.9,38.4,91.4,160,9.91,0,0
M-050,Line B,Swing,12.2,55.0,4.37,102.4,39.5,68.9,91.4,102,16.13,0,0
M-008,Line B,Day,17.2,76.9,3.56,92.6,33.2,72.3,91.8,11,2.87,0,0
M-055,Line A,Swing,10.6,64.8,5.99,112.7,31.0,54.2,91.6,90,20.45,0,1
M-072,Line A,Day,14.7,66.7,5.14,100.4,40.1,60.4,70.0,71,10.37,0,1
M-070,Line C,Day,18.3,77.0,4.04,101.9,40.6,20.0,89.5,81,5.78,0,1
M-003,Line B,Day,16.9,74.0,4.89,101.4,31.3,45.7,80.1,10,8.36,0,0
M-020,Line C,Day,17.8,68.1,4.23,118.4,35.3,61.2,104.0,57,8.7,0,0
M-020,Line B,Swing,15.8,66.8,6.74,105.6,26.7,59.1,103.7,179,2.92,0,1
M-037,Line A,Night,19.5,74.5,5.46,106.8,28.6,33.4,97.8,9,2.4,0,0
M-012,Line A,Swing,18.8,68.7,5.6,101.6,34.7,44.5,89.1,164,6.72,0,0
M-069,Line A,Swing,17.3,63.1,1.6,110.6,34.2,20.0,82.9,93,2.4,0,0
M-063,Line C,Day,18.8,69.3,4.72,119.5,28.2,53.0,85.7,105,7.53,0,0
M-065,Line A,Swing,18.3,74.7,7.3,112.5,29.7,25.4,106.5,168,9.3,0,0
M-016,Line B,Day,14.7,70.6,6.39,112.9,27.6,61.6,85.5,39,5.35,0,0
M-002,Line C,Night,12.0,62.2,2.58,112.1,36.7,62.2,72.2,177,9.08,1,1
M-073,Line C,Day,17.3,79.9,4.42,92.2,22.2,42.3,99.2,50,16.11,1,1
M-024,Line A,Swing,17.6,50.1,3.36,97.2,27.9,54.3,103.0,63,9.15,0,0
M-053,Line A,Swing,19.3,68.4,6.85,104.0,22.8,45.4,104.3,81,11.83,0,0
M-073,Line A,Swing,13.2,67.0,5.09,98.7,36.5,50.9,99.3,108,24.3,0,1
M-003,Line A,Night,13.3,74.7,3.88,95.4,23.2,34.2,100.6,58,21.04,1,0
M-001,Line A,Day,17.4,76.5,4.84,87.3,34.2,55.5,91.4,142,14.57,0,0
M-001,Line B,Night,15.8,82.5,1.67,92.5,43.8,28.3,74.4,4,7.53,0,0
M-013,Line C,Swing,10.3,66.3,3.5,103.4,44.0,26.0,91.2,120,24.81,1,1
M-005,Line B,Swing,17.1,76.7,4.84,105.3,23.2,46.5,96.0,118,7.68,0,1
M-066,Line B,Swing,10.4,73.6,5.81,98.1,35.8,45.5,89.9,96,7.18,0,0
M-049,Line A,Night,13.2,59.8,2.47,106.8,28.1,51.3,89.6,110,0.77,0,0
M-079,Line C,Night,20.1,88.7,4.34,101.7,26.8,40.2,83.3,134,11.81,1,1
M-065,Line B,Day,21.5,60.5,6.01,116.9,33.3,70.6,83.0,162,3.94,0,1
M-078,Line C,Night,12.4,76.9,3.06,104.4,41.4,49.9,105.7,40,22.35,1,0
M-020,Line C,Swing,15.0,75.1,5.08,113.0,37.6,50.8,106.0,86,8.92,0,0
M-024,Line A,Swing,16.1,74.2,4.88,108.0,29.7,50.4,91.0,101,2.65,0,0
M-068,Line A,Night,21.3,69.5,6.86,92.0,38.2,60.0,93.3,62,6.63,1,1
M-020,Line A,Day,14.5,78.6,4.52,105.1,20.5,54.9,83.2,175,21.78,0,0
M-005,Line B,Swing,14.6,59.5,4.59,93.6,29.5,53.3,96.1,92,15.89,0,0
M-054,Line C,Day,20.6,71.5,5.83,104.9,29.1,56.8,105.1,107,34.59,0,1
M-065,Line B,Day,14.9,67.5,3.21,98.5,34.5,26.1,78.8,35,38.25,0,0
M-078,Line C,Night,18.2,68.1,4.53,109.8,32.8,26.6,94.7,75,5.06,0,0
M-075,Line B,Day,11.6,75.4,4.25,92.6,33.2,47.1,95.3,112,12.75,0,0
M-010,Line A,Day,15.5,80.6,4.63,106.1,33.0,45.6,95.2,77,3.25,1,1
M-062,Line A,Day,11.0,69.3,5.82,111.7,34.1,55.0,104.1,138,0.69,1,1
M-068,Line B,Swing,12.8,78.2,5.46,115.1,37.2,48.2,107.3,25,9.32,1,1
M-056,Line B,Night,18.5,73.9,3.9,98.4,34.9,55.0,89.1,28,5.55,0,1
M-066,Line B,Night,15.9,66.4,4.96,106.2,32.3,33.1,96.4,61,3.54,1,1
M-068,Line A,Day,15.0,69.9,6.59,107.8,36.4,47.9,91.7,57,5.28,1,1
M-036,Line B,Swing,13.8,69.6,3.8,121.5,39.0,31.9,85.9,146,5.01,0,0
M-004,Line A,Swing,15.3,66.4,4.97,91.2,30.7,52.6,93.2,156,9.45,1,1
M-037,Line C,Swing,16.9,75.4,4.57,96.9,33.6,25.5,96.4,85,13.86,0,0
M-017,Line A,Day,18.9,73.9,4.72,134.0,41.0,52.2,92.7,91,10.89,1,1
M-010,Line A,Day,8.1,59.3,2.84,103.3,27.4,30.4,84.0,53,14.47,0,0
M-010,Line B,Swing,13.5,58.8,6.49,87.1,44.8,43.4,87.3,96,11.74,0,1
M-056,Line B,Swing,16.5,75.4,3.87,100.2,26.0,58.7,87.4,127,5.09,0,1
M-041,Line B,Swing,15.7,65.5,6.03,78.3,31.9,50.7,84.3,130,4.37,0,0
M-044,Line B,Swing,17.2,74.4,4.05,108.4,28.3,28.3,93.5,174,4.62,0,0
M-060,Line C,Night,16.8,79.7,4.05,114.1,47.1,39.9,94.3,104,3.31,0,1
M-044,Line B,Swing,15.1,61.8,6.26,96.9,31.0,30.0,98.8,61,2.66,1,0
M-051,Line B,Day,14.4,60.7,5.99,101.3,31.0,27.7,84.1,13,3.43,0,0
M-007,Line B,Night,15.3,86.9,5.05,115.2,31.8,49.4,86.4,124,3.35,0,1
M-069,Line A,Night,19.4,76.3,5.71,88.5,34.6,54.7,103.4,144,18.83,0,1
M-036,Line B,Day,13.8,68.6,4.45,92.8,32.0,53.3,89.7,99,9.24,0,0
M-013,Line A,Swing,15.8,64.5,4.79,103.7,33.2,55.2,91.2,166,10.15,0,1
M-066,Line B,Day,16.6,67.9,4.01,98.5,12.8,47.9,89.6,57,3.71,0,0
M-059,Line A,Swing,20.7,62.5,5.88,103.1,34.3,44.7,100.1,10,3.61,0,0
M-005,Line C,Day,15.1,79.1,3.97,93.4,34.1,35.1,100.4,114,1.89,0,0
M-016,Line B,Swing,18.9,65.8,6.58,108.1,40.2,42.7,99.9,22,6.96,0,0
M-002,Line C,Day,19.7,80.7,4.42,104.5,41.9,32.1,91.2,16,7.54,0,1
M-022,Line B,Swing,15.8,68.8,4.82,111.5,32.9,37.9,84.0,126,17.95,0,1
M-008,Line A,Night,15.4,65.2,5.71,108.0,38.9,49.1,106.4,78,3.1,0,1
M-057,Line C,Day,15.0,68.6,4.83,108.1,27.4,46.6,97.9,109,6.59,1,0
M-042,Line B,Night,15.2,52.5,4.44,91.5,38.6,84.8,87.3,134,4.89,0,0
M-079,Line C,Night,18.6,72.5,4.76,110.9,30.6,31.9,102.4,69,11.26,1,1
M-060,Line B,Night,16.7,72.1,5.87,102.7,26.9,46.5,86.7,110,17.16,0,1
M-049,Line B,Day,16.7,78.6,4.0,104.3,32.9,30.9,102.3,97,21.13,1,0
M-041,Line C,Night,12.6,58.4,4.65,116.5,42.4,43.3,102.8,104,6.12,0,0
M-005,Line B,Day,13.1,81.3,4.81,98.8,35.1,43.8,83.6,126,2.94,0,1
M-006,Line A,Day,22.4,78.6,5.84,119.5,43.0,58.1,95.7,69,9.62,0,1
M-050,Line B,Night,15.5,83.5,4.68,120.4,29.5,42.6,97.3,91,13.13,0,0
M-001,Line B,Swing,13.7,71.6,6.97,113.5,40.3,45.7,111.9,106,31.79,1,1
M-004,Line C,Swing,20.3,80.1,4.61,96.2,30.1,42.8,85.1,26,6.36,0,0
M-018,Line B,Day,16.8,60.2,4.51,84.1,35.4,31.2,102.5,38,24.24,0,0
M-071,Line B,Night,17.7,79.2,4.59,116.8,35.3,40.2,91.1,17,5.01,0,1
M-037,Line C,Swing,15.6,65.8,3.22,107.1,38.0,43.4,81.1,36,9.78,0,1
M-057,Line B,Swing,15.0,58.8,3.56,98.5,35.5,48.9,90.0,79,15.47,1,0
M-033,Line B,Night,15.5,64.5,4.16,117.7,29.6,54.7,91.0,168,6.93,0,1
M-014,Line B,Day,11.9,72.0,6.16,97.4,39.3,45.2,82.5,166,1.16,0,0
M-030,Line A,Day,15.7,65.4,4.76,101.8,44.4,45.0,93.5,137,3.29,0,0
M-008,Line B,Swing,16.9,75.0,4.22,111.2,30.5,27.4,98.7,100,1.37,1,0
M-062,Line A,Night,21.6,59.0,6.27,94.9,23.0,54.5,92.9,37,3.09,0,0
M-015,Line A,Day,16.3,55.0,6.66,104.9,37.0,39.6,86.7,65,1.97,0,1
M-031,Line B,Day,9.0,83.0,6.31,116.9,32.0,57.0,89.8,138,12.28,0,1
M-079,Line B,Day,15.7,79.2,3.78,108.1,33.2,63.8,91.0,163,13.79,0,1
M-048,Line C,Night,24.0,65.1,4.21,118.5,37.3,45.7,92.7,173,2.41,1,1
M-037,Line A,Day,18.6,72.0,6.98,117.3,31.3,35.7,99.9,70,11.51,0,0
M-044,Line A,Swing,13.6,80.2,5.09,106.1,32.4,47.8,93.2,88,3.41,0,1
M-063,Line C,Night,17.8,76.9,4.48,82.6,33.4,52.2,79.8,92,4.14,0,1
M-021,Line A,Day,13.8,73.2,5.66,94.9,42.8,44.2,86.5,11,15.73,0,0
M-051,Line A,Swing,11.9,80.8,6.01,113.6,34.2,41.2,92.3,21,22.32,0,0
M-070,Line A,Swing,15.0,66.2,4.11,90.5,26.6,54.8,100.0,9,4.34,1,0
M-046,Line B,Night,16.3,73.7,5.06,102.7,26.8,54.0,101.4,132,8.38,0,0
M-036,Line C,Day,10.4,71.9,5.91,109.4,34.8,43.8,105.2,41,2.43,1,0
M-012,Line C,Day,12.6,69.8,3.41,120.7,27.2,28.2,92.0,126,12.9,0,0
M-020,Line B,Day,16.0,68.9,4.81,100.2,24.6,53.5,97.1,68,4.26,0,0
M-076,Line A,Swing,14.8,72.6,3.46,99.6,37.8,38.8,79.4,143,7.03,0,1
M-044,Line B,Swing,17.2,72.3,3.62,105.5,38.1,50.6,94.4,21,14.29,0,0
M-025,Line B,Day,12.4,63.6,4.12,109.5,31.8,49.8,82.4,59,3.16,1,1
M-034,Line A,Day,18.1,78.4,5.37,104.5,35.8,25.3,90.5,37,9.06,0,1
M-047,Line A,Night,12.4,65.7,4.41,116.5,35.1,49.0,115.2,79,15.66,0,0
M-044,Line A,Day,20.9,70.3,4.02,98.0,37.6,54.2,93.4,101,3.61,1,1
M-056,Line A,Day,10.9,69.6,4.86,107.2,37.6,55.6,84.1,31,7.44,0,1
M-021,Line B,Swing,12.7,74.9,3.42,110.5,18.4,49.4,94.3,120,2.02,0,0
M-052,Line B,Day,17.3,55.0,5.31,102.0,32.6,24.3,86.9,173,6.03,1,1
M-036,Line A,Day,21.0,79.1,6.16,114.4,37.1,63.3,83.3,8,7.96,0,0
M-076,Line B,Swing,16.9,66.6,4.7,107.5,31.5,52.9,107.8,16,7.05,0,0
M-013,Line C,Day,17.7,81.8,4.56,113.9,34.2,33.6,99.5,171,8.79,0,1
M-012,Line B,Swing,16.1,68.2,5.25,107.9,38.5,38.5,93.8,117,12.5,0,1
M-037,Line C,Swing,12.9,71.6,2.37,109.8,34.5,50.8,87.9,165,6.49,0,0
M-041,Line B,Swing,14.5,87.3,5.44,99.7,43.0,56.2,88.5,127,13.29,1,0
M-056,Line C,Day,12.4,69.8,8.52,99.7,40.8,42.1,103.3,129,9.2,0,1
M-033,Line A,Night,12.2,83.4,4.65,118.2,33.3,57.9,93.5,29,11.13,1,0
M-074,Line B,Day,17.2,72.3,4.66,112.4,32.8,26.5,66.3,92,3.8,0,1
M-038,Line A,Swing,12.6,75.3,5.69,95.8,16.9,35.5,110.4,66,12.68,0,0
M-011,Line B,Day,17.0,72.6,6.77,107.8,32.0,23.2,92.5,150,14.52,0,1
M-010,Line B,Swing,12.1,78.8,5.97,82.3,25.9,37.2,93.7,8,4.8,0,1
M-078,Line A,Day,16.9,66.5,2.21,100.3,35.3,66.1,99.7,4,1.0,0,0
M-011,Line C,Day,14.5,64.1,5.48,115.6,34.9,72.7,94.7,100,4.9,1,0
M-076,Line A,Swing,20.2,66.9,7.89,104.7,38.2,50.8,97.0,174,6.63,0,1
M-023,Line A,Day,17.0,72.8,5.55,107.2,42.4,40.3,87.6,179,9.28,0,1
M-008,Line A,Day,19.7,70.2,3.41,75.8,33.8,45.3,81.2,107,5.03,0,0
M-025,Line B,Swing,13.7,77.7,5.14,102.1,47.7,53.7,93.2,77,19.95,1,1
M-050,Line A,Night,16.2,83.9,3.26,109.4,35.4,29.2,102.5,49,22.94,0,0
M-035,Line B,Day,13.1,64.2,6.28,110.7,26.1,41.1,85.8,178,13.47,0,1
M-063,Line A,Night,14.8,67.6,3.65,115.6,30.6,65.2,85.2,33,14.22,0,1
M-049,Line C,Swing,15.2,60.5,4.89,103.9,31.8,35.5,100.8,23,8.51,0,0
M-033,Line C,Night,13.8,89.7,3.77,104.3,37.6,39.0,87.3,91,6.29,0,0
M-051,Line B,Swing,12.4,74.4,4.14,92.7,28.3,48.2,87.7,71,5.91,1,1
M-078,Line B,Swing,11.8,75.8,6.58,104.0,32.2,51.4,88.0,89,7.33,0,1
M-033,Line C,Swing,9.0,61.3,4.92,93.4,33.0,40.5,90.5,162,4.82,0,0
M-013,Line C,Swing,12.8,72.0,4.13,87.5,31.3,48.9,78.4,49,14.36,1,1
M-033,Line B,Night,17.9,77.6,3.43,95.1,38.9,55.3,86.7,157,10.36,0,1
M-068,Line C,Day,11.2,70.0,2.55,121.1,37.8,71.5,92.8,38,2.99,0,0
M-018,Line C,Day,11.9,80.6,3.3,103.3,41.0,46.5,92.8,58,3.17,0,0
M-076,Line C,Day,21.4,90.5,4.93,108.2,32.0,47.5,100.3,1,11.78,0,0
M-048,Line B,Night,14.1,65.9,5.98,100.9,41.2,66.3,105.7,122,4.24,0,0
M-049,Line A,Day,17.0,63.8,4.13,88.1,25.8,41.4,103.1,154,2.44,0,0
M-026,Line A,Swing,17.9,65.0,6.68,115.4,25.7,32.1,98.3,159,8.11,0,1
M-074,Line B,Night,18.0,86.3,3.94,84.3,26.7,51.0,89.8,30,4.97,1,1
M-003,Line B,Night,11.4,81.8,4.51,100.5,34.1,60.9,86.0,138,15.79,1,1
M-024,Line B,Day,15.3,70.9,3.5,105.5,41.2,52.3,91.1,26,2.92,0,0
M-034,Line B,Swing,11.1,72.3,5.99,108.3,30.4,46.8,95.7,113,6.47,1,0
M-039,Line B,Night,23.3,67.0,7.32,98.7,31.1,30.6,97.6,126,4.84,0,0
M-038,Line C,Day,11.2,79.1,2.69,87.6,32.7,47.3,96.0,28,3.56,1,0
M-012,Line A,Swing,12.9,69.0,4.38,98.0,37.4,62.8,90.0,20,5.03,0,1
M-019,Line A,Day,12.9,69.9,6.32,98.5,31.1,33.2,97.3,14,3.65,0,0
M-008,Line C,Swing,11.5,76.9,3.06,98.3,30.8,45.1,101.1,127,4.42,1,1
M-046,Line C,Swing,20.1,70.5,5.48,115.7,25.9,43.4,98.0,111,25.49,0,1
M-029,Line C,Day,23.3,70.1,6.27,93.9,30.6,39.6,90.7,22,2.79,0,0
M-046,Line C,Day,14.6,72.1,4.89,109.0,41.1,51.0,84.3,90,8.71,0,0
M-048,Line C,Day,12.0,78.4,5.46,107.6,34.5,53.3,84.1,143,13.08,0,1
M-057,Line A,Day,9.3,85.2,6.91,115.6,29.6,53.2,85.6,43,12.68,0,1
M-044,Line B,Swing,15.3,76.7,7.14,104.7,41.4,36.3,93.1,109,2.25,0,1
M-052,Line A,Day,15.1,78.4,4.73,113.9,30.5,28.2,95.2,53,8.26,0,0
M-047,Line B,Day,14.0,70.4,4.16,104.3,42.5,51.1,79.7,47,2.48,0,0
M-053,Line C,Swing,16.7,66.3,3.7,110.3,42.4,41.9,87.0,71,33.06,0,1
M-050,Line A,Swing,17.2,77.2,5.97,91.0,34.3,70.1,92.9,64,14.86,0,1
M-026,Line B,Swing,17.0,73.4,3.15,79.6,25.0,70.6,83.8,89,6.84,0,0
M-020,Line A,Night,15.1,62.1,4.5,109.8,47.7,71.9,94.5,37,10.39,0,0
M-063,Line A,Day,12.7,69.4,4.92,110.3,36.3,36.7,88.5,70,2.33,0,1
M-028,Line A,Night,18.0,72.8,4.2,110.8,32.1,54.8,85.2,112,15.0,0,1
M-044,Line A,Day,16.0,67.9,5.14,100.8,39.7,58.5,91.4,70,5.83,0,0
M-016,Line C,Swing,18.7,83.9,7.88,120.9,38.2,57.1,94.1,118,6.17,0,1
M-035,Line B,Night,18.4,77.3,4.65,101.4,41.9,43.7,84.2,21,3.62,0,0
M-043,Line C,Night,11.7,84.5,4.28,110.2,30.0,63.3,89.1,25,29.66,0,0
M-051,Line B,Swing,11.7,74.1,6.02,111.9,35.9,48.0,94.7,155,10.88,0,1
M-043,Line A,Swing,13.7,72.7,5.09,123.2,26.9,49.5,84.9,83,15.93,0,0
M-029,Line A,Day,12.8,64.5,6.53,102.8,38.0,29.5,77.7,110,4.83,0,0
M-077,Line C,Swing,18.3,72.1,5.0,99.5,33.9,55.7,78.7,133,7.51,0,1
M-042,Line A,Swing,17.1,72.1,4.5,91.0,35.7,44.9,87.7,27,12.68,0,0
M-065,Line C,Night,19.3,62.6,2.66,121.5,33.1,53.6,80.5,175,14.44,1,0
M-059,Line A,Swing,17.2,67.7,2.86,110.2,32.5,50.8,88.2,76,6.09,0,0
M-045,Line B,Day,16.6,69.4,2.6,110.5,28.8,50.2,104.3,160,13.55,0,1
M-071,Line C,Swing,19.6,75.3,5.26,137.2,38.7,47.5,80.0,75,10.44,0,1
M-011,Line A,Day,17.4,75.7,3.17,109.3,42.9,57.4,88.7,73,4.64,0,0
M-074,Line A,Day,16.2,67.3,6.31,93.0,30.7,45.6,108.1,108,24.96,0,0
M-069,Line C,Day,20.4,75.8,4.84,104.0,37.3,30.5,94.3,35,3.69,0,0
M-041,Line A,Swing,16.3,70.5,4.51,96.3,36.6,54.8,88.1,109,3.55,0,0
M-059,Line B,Day,15.1,49.0,3.79,102.0,34.0,38.3,89.7,177,12.98,0,0
M-042,Line B,Day,13.5,68.1,5.55,102.0,24.8,32.1,94.4,116,8.95,0,0
M-022,Line A,Day,18.1,80.6,3.83,100.1,26.2,35.7,104.6,13,12.76,0,0
M-064,Line C,Night,19.7,60.0,3.62,92.1,29.3,51.4,86.8,125,16.86,0,0
M-020,Line C,Swing,15.8,72.9,6.23,121.9,21.2,46.8,84.9,6,7.17,0,1
M-026,Line B,Day,19.9,84.7,5.23,109.0,42.4,22.4,80.0,19,11.35,0,0
M-042,Line C,Day,10.1,65.9,4.52,103.7,36.2,43.4,91.8,51,7.63,0,1
M-067,Line A,Swing,15.8,72.0,5.57,113.6,33.8,62.0,79.8,55,3.55,0,0
M-031,Line A,Day,15.9,61.6,4.81,110.7,20.9,42.6,87.3,1,4.52,0,0
M-040,Line B,Swing,13.8,85.0,5.26,108.8,23.1,46.0,83.7,4,10.41,1,1
M-004,Line C,Day,23.2,71.3,3.82,112.8,34.0,60.5,99.6,142,6.32,0,1
M-010,Line A,Night,15.8,73.9,7.28,107.3,45.8,57.5,86.9,82,9.6,0,1
M-005,Line A,Day,14.8,82.8,4.1,112.7,29.8,60.3,94.2,36,14.78,0,0
M-006,Line B,Swing,16.1,77.3,6.67,113.5,39.2,20.0,78.2,77,3.0,0,1
M-070,Line C,Day,10.0,65.0,4.57,107.6,31.1,68.8,92.1,125,7.59,0,1
M-068,Line A,Night,13.7,68.3,5.77,103.8,34.3,55.6,81.4,132,21.03,1,1
M-066,Line B,Night,18.9,77.5,5.68,121.3,41.3,77.5,87.6,52,2.85,0,1
M-005,Line B,Swing,14.1,67.0,6.18,101.2,31.9,38.6,108.7,30,1.78,0,0
M-007,Line B,Swing,13.5,55.1,3.79,109.9,29.9,26.8,98.5,172,7.15,1,0
M-023,Line A,Day,19.9,71.6,6.09,110.1,42.5,48.1,90.0,114,5.71,0,0
M-046,Line A,Night,20.0,61.7,7.02,99.9,34.3,44.7,116.6,176,14.82,0,0
M-027,Line B,Swing,17.6,84.9,4.49,97.9,40.5,55.8,83.7,55,17.32,0,0
M-040,Line B,Day,14.6,73.4,4.84,102.5,29.9,60.9,100.3,20,16.45,0,0
M-014,Line C,Swing,15.3,64.8,4.17,101.1,42.4,47.0,78.7,69,15.9,1,1
M-059,Line B,Swing,13.6,66.4,4.38,91.4,35.6,45.1,89.0,59,5.81,0,1
M-026,Line B,Night,13.0,58.4,6.85,99.5,36.6,54.3,80.2,129,7.24,0,1
M-006,Line C,Swing,12.9,63.2,3.59,108.7,34.8,44.9,93.1,129,14.36,0,0
M-060,Line B,Swing,14.1,80.1,3.67,118.7,31.0,43.9,91.4,13,15.29,0,0
M-073,Line B,Swing,12.9,89.9,6.73,111.5,34.0,60.4,88.5,106,5.5,0,1
M-002,Line C,Day,11.3,77.8,5.55,80.0,31.3,63.1,99.7,62,10.89,0,0
M-035,Line A,Day,16.7,71.3,7.34,112.4,39.8,61.0,86.5,111,13.51,1,1
M-067,Line B,Day,16.7,68.5,4.26,100.4,32.8,46.0,93.6,71,4.04,0,0
M-057,Line C,Swing,21.1,64.3,4.95,110.5,25.0,22.3,97.6,97,9.34,0,1
M-069,Line A,Day,14.0,88.5,4.01,105.9,23.9,46.2,79.1,129,8.49,0,1
M-034,Line B,Day,16.9,70.5,4.97,104.1,23.6,38.9,85.0,53,13.17,0,0
M-030,Line A,Day,16.9,88.9,2.67,105.0,37.7,46.4,91.4,36,13.33,0,0
M-057,Line A,Day,15.2,83.1,5.62,105.8,27.1,39.9,96.0,127,5.67,0,1
M-013,Line B,Swing,18.2,58.1,5.19,119.4,35.8,47.8,102.4,170,5.57,0,0
M-020,Line A,Day,18.3,66.7,4.73,105.8,34.8,35.5,89.3,80,15.79,0,0
M-049,Line C,Day,17.0,66.6,4.33,116.9,33.6,32.6,88.5,179,13.57,1,1
M-054,Line C,Swing,15.2,71.4,3.73,115.4,36.6,62.7,84.0,34,16.44,0,1
M-010,Line C,Day,14.9,71.5,5.67,112.7,34.9,36.4,93.6,147,19.73,0,1
M-041,Line A,Day,11.9,96.0,3.39,88.1,17.7,48.0,88.6,177,21.5,0,1
M-030,Line A,Day,13.6,63.4,5.41,117.2,32.1,59.5,88.8,54,16.11,1,0
M-041,Line A,Night,14.1,75.3,7.29,101.4,36.6,59.0,90.2,27,12.85,0,1
M-077,Line A,Day,12.6,76.9,6.58,113.2,43.8,57.5,95.4,119,8.47,0,1
M-007,Line C,Swing,17.3,72.0,2.99,96.3,44.1,51.6,86.5,156,29.18,0,1
M-080,Line B,Night,19.6,74.4,4.16,94.1,25.8,56.7,84.8,15,11.62,1,0
M-036,Line A,Swing,13.3,63.6,5.31,125.8,31.9,64.5,94.5,115,2.8,0,0
M-062,Line C,Day,16.9,72.9,4.72,96.4,24.6,53.1,66.8,156,2.62,0,1
M-034,Line B,Swing,12.9,76.1,3.12,117.5,43.1,26.0,86.2,6,13.97,0,0
M-025,Line A,Swing,15.1,74.6,5.26,107.2,40.1,41.7,81.8,93,13.95,0,1
M-062,Line A,Day,13.9,76.6,4.79,101.8,36.1,56.4,100.6,14,0.81,0,0
M-056,Line B,Swing,17.8,83.3,7.1,105.6,35.0,40.5,87.5,32,9.02,1,1
M-012,Line C,Day,14.0,79.5,4.5,93.0,42.3,67.4,86.5,88,10.86,1,1
M-057,Line A,Day,19.0,72.6,6.2,105.9,41.3,47.2,90.6,59,14.36,0,1
M-061,Line C,Day,15.3,62.6,3.28,95.2,40.9,49.0,86.2,16,17.97,0,1
M-032,Line C,Day,14.1,67.2,3.57,102.0,36.7,61.5,87.8,144,7.41,0,0
M-075,Line C,Day,12.2,70.2,5.67,115.3,31.9,45.8,91.8,37,3.32,0,1
M-052,Line A,Swing,16.8,74.0,6.1,108.5,38.6,50.1,87.6,156,7.51,0,0
M-027,Line A,Night,18.7,69.7,3.65,91.2,38.9,58.8,87.6,32,9.62,0,0
M-001,Line C,Day,16.8,64.5,4.83,114.5,32.9,30.3,82.9,94,8.02,0,1
M-054,Line A,Swing,22.7,62.5,3.14,105.9,31.9,44.6,81.8,131,7.28,0,0
M-017,Line B,Swing,20.3,58.8,4.58,100.6,40.8,57.9,91.5,86,1.85,0,1
M-061,Line C,Day,15.1,70.1,5.8,113.5,44.0,48.8,93.5,75,4.94,0,0
M-043,Line A,Day,15.0,60.2,4.28,104.3,29.5,65.6,79.6,135,5.63,0,0
M-038,Line C,Day,17.4,64.0,4.5,94.3,32.4,29.1,97.1,3,4.87,0,0
M-014,Line C,Day,13.5,68.8,3.44,124.5,36.1,27.7,97.1,148,3.8,0,0
M-057,Line B,Day,19.5,61.3,4.02,105.8,36.9,57.2,98.8,124,7.22,0,0
M-014,Line B,Day,17.1,75.0,6.91,105.2,30.9,58.4,93.4,137,4.61,0,1
M-034,Line C,Swing,16.8,77.9,4.89,101.9,45.3,45.7,96.1,76,24.83,0,1
M-067,Line B,Day,18.1,67.6,3.6,117.8,36.5,52.8,108.5,69,10.94,1,0
M-074,Line B,Day,21.2,68.5,4.42,100.8,37.2,56.9,88.6,103,12.84,0,0
M-080,Line C,Day,16.5,76.3,2.88,90.6,44.6,38.2,82.6,115,9.64,0,0
M-077,Line B,Swing,15.7,66.3,3.58,99.2,31.3,39.5,78.7,166,33.02,0,0
M-045,Line A,Day,20.5,65.7,6.43,119.3,33.5,50.3,105.0,154,5.76,0,0
M-017,Line A,Swing,18.9,81.6,4.63,114.3,26.5,58.8,105.2,10,15.79,0,0
M-068,Line A,Day,15.0,79.1,7.07,103.4,33.0,34.0,83.6,28,10.45,0,0
M-065,Line B,Day,16.0,76.8,4.69,119.7,25.1,45.6,85.2,170,8.7,0,1
M-080,Line B,Night,16.6,80.9,4.76,113.5,38.5,45.1,88.4,70,8.85,0,1
M-053,Line B,Day,17.1,56.2,5.57,103.3,36.5,53.0,100.8,104,18.39,0,1
M-012,Line B,Day,11.9,82.8,1.59,104.3,32.3,47.9,80.7,11,10.15,0,0
M-041,Line C,Day,11.4,75.1,5.05,109.3,33.4,41.4,75.3,19,17.05,0,0
M-036,Line C,Night,13.3,81.6,4.74,97.7,38.6,63.0,108.3,74,1.05,0,0
M-068,Line A,Swing,13.1,75.1,6.58,106.0,27.2,41.5,93.5,129,2.59,0,1
M-032,Line B,Swing,14.1,72.4,5.96,109.1,35.2,44.5,94.6,139,14.08,0,1
M-027,Line B,Night,17.9,71.3,3.44,89.1,38.2,28.9,89.4,161,8.44,0,0
M-007,Line B,Day,15.5,74.9,6.29,104.1,23.3,39.4,94.7,36,2.04,0,0
M-067,Line A,Night,16.6,71.0,4.49,103.0,38.1,54.2,78.9,37,14.89,1,1
M-061,Line C,Day,12.3,78.9,3.71,116.3,24.0,51.8,84.3,97,5.82,0,1
M-004,Line C,Swing,14.6,59.3,5.04,87.6,33.3,55.2,91.8,98,0.37,0,1
M-035,Line B,Day,17.8,67.7,4.56,102.2,27.0,54.6,72.8,7,6.35,0,0
M-039,Line C,Day,17.8,88.4,6.65,101.2,42.6,73.1,88.6,81,3.42,0,0
M-038,Line C,Night,13.8,68.5,5.21,115.6,27.1,39.0,88.1,161,3.23,0,1
M-074,Line B,Day,16.5,70.1,5.05,105.6,24.1,28.6,88.6,30,7.93,0,0
M-013,Line B,Night,22.6,66.4,5.88,124.0,34.8,35.4,86.6,147,24.6,1,1
M-025,Line B,Day,15.9,74.7,6.11,112.6,31.5,39.6,83.0,81,6.51,1,0
M-015,Line C,Swing,13.9,66.1,5.74,101.9,25.0,36.3,76.4,94,8.38,0,0
M-020,Line A,Night,15.5,72.0,6.5,108.4,37.2,49.1,92.2,115,4.3,0,1
M-073,Line B,Day,16.3,78.8,5.53,102.5,22.1,63.0,88.6,127,20.06,0,1
M-076,Line C,Night,15.5,67.9,5.0,114.6,27.8,66.5,80.0,115,10.56,0,0
M-004,Line A,Swing,15.9,78.3,6.29,92.7,30.5,54.1,91.5,19,2.12,0,0
M-051,Line C,Swing,11.7,78.6,4.69,97.8,38.8,73.7,88.6,53,9.35,0,1
M-019,Line B,Day,13.1,80.4,4.84,110.6,41.8,43.7,87.3,152,2.29,0,0
M-016,Line C,Swing,15.6,73.1,6.87,118.3,40.6,28.4,73.7,8,2.46,1,0
M-024,Line C,Swing,15.5,97.9,6.75,84.0,33.1,60.6,96.5,129,5.05,0,1
M-016,Line A,Swing,14.3,80.4,4.79,119.7,19.4,25.9,81.1,94,10.33,0,0
M-040,Line C,Day,15.5,74.6,4.26,104.6,36.3,38.9,91.5,22,16.57,0,1
M-080,Line A,Day,16.2,65.0,6.56,87.2,42.8,54.2,84.5,22,7.53,0,0
M-047,Line B,Night,18.7,72.7,5.76,76.0,41.4,46.8,87.9,176,17.57,0,1
M-058,Line B,Day,15.7,83.4,5.18,90.7,36.8,45.7,100.2,6,16.83,0,1
M-040,Line C,Swing,17.2,85.7,4.41,105.8,26.9,33.8,95.3,5,8.32,0,0
M-002,Line A,Night,14.4,85.3,5.2,105.3,30.8,47.9,100.0,3,7.56,0,0
M-007,Line A,Day,17.7,78.3,4.77,112.3,45.6,60.0,93.6,113,1.63,0,1
M-022,Line B,Day,17.1,62.0,4.0,100.5,25.5,48.2,94.2,166,8.72,0,0
M-020,Line B,Swing,18.6,75.9,4.95,94.9,27.1,38.0,76.8,31,10.3,0,1
M-068,Line B,Day,18.1,62.1,5.12,101.9,39.7,33.0,88.5,143,15.67,0,0
M-068,Line A,Swing,17.8,60.1,4.35,106.3,31.4,38.3,89.2,129,2.06,0,0
M-069,Line A,Swing,15.7,73.9,5.88,108.3,26.9,52.7,100.8,42,25.6,0,0
M-052,Line C,Swing,16.7,76.2,6.35,98.1,43.2,52.1,87.0,13,4.22,0,0
M-045,Line A,Day,19.2,79.2,5.96,115.0,36.8,38.4,93.1,88,6.22,0,1
M-052,Line B,Swing,14.0,76.0,4.47,99.8,31.7,21.5,92.8,15,7.68,0,0
M-033,Line C,Swing,14.1,76.3,5.71,97.3,27.1,53.0,100.3,21,4.14,0,0
M-054,Line A,Day,16.5,64.1,4.89,100.6,46.3,37.2,89.9,84,4.93,0,1
M-064,Line B,Swing,17.2,71.2,3.32,116.7,33.9,56.3,97.6,147,11.02,0,0
M-062,Line A,Night,13.5,61.4,5.61,104.7,42.4,38.9,77.4,178,8.97,0,1
M-050,Line C,Swing,15.8,56.0,4.98,99.1,39.4,36.1,78.1,113,6.8,0,1
M-005,Line B,Swing,15.7,77.9,7.91,115.3,30.9,49.8,72.7,50,11.35,0,0
M-058,Line C,Day,9.4,66.0,6.55,127.4,30.9,76.3,97.3,59,5.24,0,1
M-030,Line A,Day,15.3,79.0,5.65,108.1,42.7,57.0,96.4,110,8.93,1,0
M-060,Line B,Day,15.5,80.9,5.1,118.3,42.8,49.6,98.2,32,9.32,0,0
M-044,Line C,Day,15.5,67.0,5.0,116.4,22.7,52.3,85.6,93,11.07,0,0
M-071,Line A,Night,20.2,78.2,3.6,99.9,37.3,27.0,86.5,138,2.48,0,1
M-028,Line A,Day,12.4,66.7,2.71,106.3,33.3,34.5,90.0,151,6.59,0,0
M-075,Line A,Night,13.5,58.7,3.75,93.2,27.8,20.0,102.5,11,19.42,0,0
M-068,Line C,Day,8.2,73.0,4.74,104.0,35.6,68.8,104.6,52,8.24,1,1
M-027,Line B,Day,14.6,68.2,2.27,99.7,25.9,66.3,97.4,46,14.69,0,0
M-039,Line B,Day,14.8,68.5,4.15,102.0,31.2,52.7,93.6,100,9.6,0,0
M-043,Line B,Day,14.5,87.8,4.5,98.5,29.2,49.6,101.7,34,4.65,0,0
M-062,Line B,Swing,19.3,59.8,4.54,103.1,31.0,29.4,89.0,171,3.72,0,0
M-056,Line B,Night,18.6,76.6,4.01,111.3,33.6,45.4,87.9,165,1.44,0,1
M-069,Line B,Night,16.2,65.5,4.39,104.8,27.9,69.5,90.0,60,12.86,0,1
M-030,Line B,Day,14.9,79.3,6.87,87.4,43.4,49.6,83.2,73,19.77,0,1
M-041,Line A,Swing,19.1,74.4,5.59,98.5,37.0,41.2,89.6,79,1.88,0,1
M-035,Line C,Day,15.9,75.0,4.13,90.8,44.8,26.9,82.1,8,8.35,0,0
M-073,Line C,Night,13.5,65.9,4.72,108.4,33.0,64.6,99.2,160,12.76,0,0
M-025,Line A,Swing,10.9,65.9,4.77,111.0,30.7,47.2,95.3,140,4.36,0,0
M-047,Line B,Day,14.7,79.4,3.88,108.6,44.6,26.9,102.4,60,6.48,0,0
M-010,Line A,Day,18.3,86.2,3.88,98.1,30.5,36.9,78.0,98,19.62,0,1
M-069,Line C,Day,22.8,75.8,6.01,108.5,32.9,32.7,106.2,69,3.78,0,1
M-031,Line C,Day,16.2,64.8,4.3,101.3,38.3,46.4,78.4,41,3.4,0,0
M-028,Line C,Night,13.7,76.2,3.49,94.6,26.6,50.5,81.4,55,1.68,0,0
M-047,Line A,Swing,12.4,91.4,4.75,113.4,38.3,42.0,86.0,20,7.7,1,1
M-040,Line A,Night,17.7,74.3,4.94,114.2,37.5,57.3,101.5,145,3.82,0,0
M-068,Line A,Day,10.7,83.7,2.43,115.5,41.6,48.9,92.8,118,7.74,0,0
M-043,Line A,Swing,17.7,66.1,4.75,99.9,39.3,60.7,89.0,167,10.32,0,1
M-042,Line A,Day,18.5,71.7,5.84,117.8,41.8,43.7,84.7,2,16.61,0,0
M-009,Line A,Swing,17.3,77.0,5.34,101.1,33.3,84.5,80.0,113,10.83,0,1
M-002,Line C,Day,15.3,75.2,7.48,112.5,28.8,41.2,100.1,101,7.99,0,1
M-032,Line A,Day,17.7,65.9,6.3,100.9,46.7,37.2,97.4,112,8.32,0,0
M-080,Line A,Swing,16.5,65.5,6.54,103.8,24.8,35.7,101.8,178,17.0,0,0
M-074,Line C,Day,13.7,79.9,8.16,81.8,25.4,45.5,94.2,70,19.38,0,0
M-051,Line B,Swing,21.6,81.5,5.71,103.0,37.4,27.4,69.9,26,19.34,0,1
M-051,Line C,Swing,14.9,84.1,5.0,106.9,43.7,51.5,81.0,3,5.52,1,0
M-032,Line B,Day,18.3,86.4,5.97,101.9,35.1,25.1,94.7,89,7.37,0,1
M-015,Line C,Night,8.7,74.6,4.13,123.6,40.0,49.9,88.0,32,5.9,0,1
M-001,Line B,Swing,19.8,69.5,4.93,94.4,22.0,31.8,86.5,26,5.13,0,0
M-028,Line B,Night,20.4,84.3,4.02,100.4,31.0,43.4,82.2,27,5.71,0,0
M-026,Line B,Swing,16.1,77.7,5.28,97.0,22.8,55.3,98.6,50,15.62,0,1
M-016,Line B,Swing,17.7,64.1,4.02,100.4,38.7,75.6,94.6,21,1.02,0,0
M-021,Line A,Swing,17.7,63.7,3.98,116.3,24.7,35.1,95.0,87,8.48,1,1
M-002,Line B,Night,14.1,77.4,5.3,120.8,26.3,46.2,85.9,118,8.27,0,0
M-049,Line A,Swing,17.6,70.6,4.63,99.0,37.1,39.3,92.4,52,17.42,0,0
M-075,Line C,Day,13.6,71.8,2.49,98.8,40.4,37.6,80.3,25,5.68,1,0
M-056,Line A,Day,14.2,80.6,3.05,94.4,33.0,39.4,90.0,103,10.78,0,0
M-036,Line A,Swing,19.4,78.1,3.42,119.1,37.4,57.9,70.8,16,6.53,1,1
M-034,Line A,Day,18.9,82.6,3.74,117.2,37.2,42.1,78.5,133,5.55,1,1
M-025,Line C,Day,13.9,56.5,5.3,104.9,32.7,75.0,88.4,69,6.24,0,0
M-012,Line A,Day,13.8,74.0,5.06,92.0,27.4,53.0,110.0,74,3.97,0,0
M-048,Line B,Swing,14.1,77.6,6.08,92.9,37.4,35.9,76.6,45,3.07,0,0
M-046,Line C,Day,18.2,59.8,5.7,107.7,37.7,43.6,81.1,51,13.35,0,1
M-001,Line A,Swing,13.0,66.8,6.09,111.5,39.4,38.4,92.7,27,4.77,0,1
M-034,Line C,Swing,17.1,65.3,5.53,85.3,35.9,57.6,105.2,100,2.76,0,0
M-023,Line A,Night,18.2,73.7,5.05,102.8,27.0,28.3,92.6,27,10.95,0,0
M-014,Line A,Day,15.7,85.0,6.12,122.2,38.1,31.9,96.6,122,12.04,0,1
M-057,Line B,Swing,19.0,88.2,5.9,103.8,34.0,40.9,88.3,46,4.1,0,1
M-043,Line C,Swing,15.1,65.5,5.25,120.9,31.1,56.2,86.9,102,9.54,0,1
M-051,Line A,Swing,15.4,76.2,6.33,112.5,32.2,62.8,91.7,97,10.04,0,1
M-058,Line B,Swing,13.1,76.5,1.99,95.2,29.9,64.6,85.7,114,24.64,0,0
M-079,Line A,Day,19.1,75.1,4.45,103.1,39.3,54.4,96.8,136,15.85,0,1
M-065,Line B,Night,13.7,76.7,4.43,104.7,25.5,47.0,78.1,101,26.61,0,0
M-050,Line B,Day,17.0,74.4,6.18,96.5,28.0,57.5,98.1,153,6.59,0,1
